-- phpMyAdmin SQL Dump
-- version 4.4.10
-- http://www.phpmyadmin.net
--
-- Host: localhost:3306
-- Generation Time: May 27, 2019 at 06:20 PM
-- Server version: 5.5.42
-- PHP Version: 5.6.10

SET SQL_MODE = "NO_AUTO_VALUE_ON_ZERO";
SET time_zone = "+00:00";


/*!40101 SET @OLD_CHARACTER_SET_CLIENT=@@CHARACTER_SET_CLIENT */;
/*!40101 SET @OLD_CHARACTER_SET_RESULTS=@@CHARACTER_SET_RESULTS */;
/*!40101 SET @OLD_COLLATION_CONNECTION=@@COLLATION_CONNECTION */;
/*!40101 SET NAMES utf8mb4 */;

--
-- Database: `contable`
--

-- --------------------------------------------------------

--
-- Table structure for table `cuentas`
--

DROP TABLE IF EXISTS `cuentas`;
CREATE TABLE `cuentas` (
  `id` int(11) NOT NULL,
  `nombre` varchar(150) NOT NULL,
  `moneda` varchar(3) NOT NULL,
  `type` varchar(10) NOT NULL DEFAULT 'cc',
  `parser` varchar(10) NOT NULL,
  `parser_asoc` varchar(15) DEFAULT NULL,
  `saldo` decimal(10,2) NOT NULL,
  `show_txt_otros` varchar(50) NOT NULL DEFAULT '',
  `status` tinyint(4) NOT NULL
) ENGINE=InnoDB AUTO_INCREMENT=12 DEFAULT CHARSET=utf8;

--
-- Dumping data for table `cuentas`
--

INSERT INTO `cuentas` (`id`, `nombre`, `moneda`, `type`, `parser`, `parser_asoc`, `saldo`, `show_txt_otros`, `status`) VALUES
(1, 'Iatú Matt - CA', 'UYU', 'cc', 'itau-web', NULL, '151401.75', '', 1),
(2, 'Iatú Matt - CA', 'USD', 'cc', 'itau-web', NULL, '30864.35', '', 1),
(3, 'Itau Matt - CC', 'UYU', 'cc', 'itau-web', NULL, '114870.97', '', 1),
(4, 'Itau Matt - CC', 'USD', 'cc', 'itau-web', NULL, '14264.02', '', 1),
(6, 'ACSA #110499', 'UYU', 'cc', 'acsa-web', NULL, '-112724.43', '', 1),
(7, 'Visa', 'UYU', 'tarjeta', 'visa-itau', '7,8', '-54064.86', 'Tarjeta Nro', 1),
(8, 'Visa', 'USD', 'tarjeta', 'visa-itau', '7,8', '-2982.77', 'Tarjeta Nro', 1),
(9, 'Itaú Pow - CA', 'USD', 'cc', 'itau-web', NULL, '5081.21', '', 1),
(10, 'Itau Pow - CA', 'UYU', 'cc', 'itau-web', NULL, '50105.43', '', 1),
(11, 'ACSA #110499', 'USD', 'cc', 'acsa-web', NULL, '-200.00', '', 1);

-- --------------------------------------------------------

--
-- Table structure for table `cuentas_saldos_persona`
--

DROP TABLE IF EXISTS `cuentas_saldos_persona`;
CREATE TABLE `cuentas_saldos_persona` (
  `id` int(11) NOT NULL,
  `cuenta_id` int(11) NOT NULL,
  `persona_id` int(11) NOT NULL,
  `saldo` decimal(10,2) NOT NULL
) ENGINE=InnoDB AUTO_INCREMENT=41 DEFAULT CHARSET=latin1;

--
-- Dumping data for table `cuentas_saldos_persona`
--

INSERT INTO `cuentas_saldos_persona` (`id`, `cuenta_id`, `persona_id`, `saldo`) VALUES
(1, 1, 3, '-24494.00'),
(2, 1, 4, '68266.56'),
(3, 1, 2, '38152.49'),
(4, 1, 1, '69476.70'),
(5, 3, 4, '115920.97'),
(6, 3, 3, '0.00'),
(7, 3, 2, '-1050.00'),
(8, 3, 1, '0.00'),
(9, 6, 4, '-88198.43'),
(10, 6, 3, '-426.00'),
(11, 6, 2, '-24100.00'),
(12, 6, 1, '0.00'),
(13, 2, 4, '28100.40'),
(14, 2, 3, '3557.85'),
(15, 2, 2, '-793.90'),
(16, 2, 1, '0.00'),
(17, 4, 4, '14263.02'),
(18, 9, 1, '5581.21'),
(19, 9, 3, '-500.00'),
(20, 9, 4, '0.00'),
(21, 9, 2, '0.00'),
(22, 10, 1, '2976.84'),
(23, 10, 3, '-20486.17'),
(24, 10, 4, '67614.76'),
(25, 10, 2, '0.00'),
(26, 11, 4, '-700.00'),
(27, 11, 3, '700.00'),
(28, 11, 2, '-200.00'),
(29, 11, 1, '0.00'),
(30, 4, 3, '1.00'),
(31, 4, 2, '0.00'),
(32, 4, 1, '0.00'),
(33, 8, 3, '-2210.39'),
(34, 8, 4, '2246.95'),
(35, 8, 2, '-3002.76'),
(36, 8, 1, '-16.57'),
(37, 7, 3, '-137240.77'),
(38, 7, 4, '89842.92'),
(39, 7, 2, '-1280.01'),
(40, 7, 1, '-5387.00');

-- --------------------------------------------------------

--
-- Table structure for table `moneda`
--

DROP TABLE IF EXISTS `moneda`;
CREATE TABLE `moneda` (
  `moneda` varchar(3) NOT NULL,
  `simbolo` varchar(3) NOT NULL
) ENGINE=InnoDB DEFAULT CHARSET=utf8;

--
-- Dumping data for table `moneda`
--

INSERT INTO `moneda` (`moneda`, `simbolo`) VALUES
('USD', 'u$s'),
('UYU', '$');

-- --------------------------------------------------------

--
-- Table structure for table `movimientos_cuentas`
--

DROP TABLE IF EXISTS `movimientos_cuentas`;
CREATE TABLE `movimientos_cuentas` (
  `id` int(11) NOT NULL,
  `cuentaId` int(11) NOT NULL,
  `fecha` date NOT NULL,
  `concepto` varchar(150) NOT NULL,
  `txt_otros` varchar(50) DEFAULT NULL,
  `debito` decimal(10,2) NOT NULL,
  `credito` decimal(10,2) NOT NULL,
  `saldo` decimal(10,2) NOT NULL,
  `saldo_cta1` decimal(10,2) DEFAULT NULL,
  `saldo_cta2` decimal(10,2) DEFAULT NULL,
  `saldo_cta3` decimal(10,2) DEFAULT NULL,
  `saldo_cta4` decimal(10,2) NOT NULL,
  `persona_id` int(11) DEFAULT NULL,
  `rubro_id` int(11) DEFAULT NULL,
  `fecha_auto` timestamp NOT NULL DEFAULT CURRENT_TIMESTAMP ON UPDATE CURRENT_TIMESTAMP,
  `status` tinyint(4) NOT NULL
) ENGINE=InnoDB AUTO_INCREMENT=754 DEFAULT CHARSET=latin1;

--
-- Dumping data for table `movimientos_cuentas`
--

INSERT INTO `movimientos_cuentas` (`id`, `cuentaId`, `fecha`, `concepto`, `txt_otros`, `debito`, `credito`, `saldo`, `saldo_cta1`, `saldo_cta2`, `saldo_cta3`, `saldo_cta4`, `persona_id`, `rubro_id`, `fecha_auto`, `status`) VALUES
(1, 1, '2019-01-02', 'REDIVA 19210ANCAP JIGAMA', NULL, '0.00', '10.49', '68298.69', '0.00', '0.00', '68288.20', '10.49', 4, 12, '2019-05-16 01:41:01', 1),
(2, 1, '2019-01-02', 'COMPRA ANCAP JIGAMA  ', NULL, '320.00', '0.00', '67978.69', '0.00', '0.00', '67968.20', '10.49', 3, 33, '2019-05-16 01:41:13', 1),
(3, 1, '2019-01-02', 'COMPRA ANCAP JIGAMA  ', NULL, '2050.00', '0.00', '65928.69', '0.00', '0.00', '65918.20', '10.49', 3, 33, '2019-05-16 01:41:17', 1),
(4, 1, '2019-01-02', 'COMPRA MC DONALDS  ', NULL, '796.00', '0.00', '65132.69', '0.00', '0.00', '65122.20', '10.49', 3, 27, '2019-05-16 01:41:21', 1),
(5, 1, '2019-01-02', 'REDIVA 19210MC DONALDS', NULL, '0.00', '58.72', '65191.41', '0.00', '0.00', '65122.20', '69.21', 4, 12, '2019-05-16 01:41:21', 1),
(6, 1, '2019-01-03', 'TRASPASO DE 3851304ILINK  ', NULL, '0.00', '128.00', '65319.41', '0.00', '0.00', '65250.20', '69.21', 3, 18, '2019-05-16 01:41:27', 1),
(7, 1, '2019-01-04', 'TRASPASO DE 3249071MTPAY  ', NULL, '0.00', '21772.00', '87091.41', '0.00', '0.00', '87022.20', '69.21', 3, 18, '2019-05-16 01:41:36', 1),
(8, 1, '2019-01-07', 'REDIVA 19210ANTEL 262900', NULL, '0.00', '22.22', '87113.63', '0.00', '0.00', '87022.20', '91.43', 4, 12, '2019-05-16 01:41:36', 1),
(9, 1, '2019-01-07', 'PAGO FACTURAANTEL 262900', NULL, '1538.00', '0.00', '85575.63', '0.00', '0.00', '85484.20', '91.43', 3, 20, '2019-05-16 01:41:36', 1),
(10, 1, '2019-01-07', 'REDIVA 19210chelato', NULL, '0.00', '7.87', '85583.50', '0.00', '0.00', '85484.20', '99.30', 4, 12, '2019-05-16 01:41:36', 1),
(11, 1, '2019-01-07', 'COMPRA chelato  ', NULL, '240.00', '0.00', '85343.50', '0.00', '0.00', '85244.20', '99.30', 3, 27, '2019-05-16 01:41:41', 1),
(12, 1, '2019-01-10', 'REDIVA 19210KROSER', NULL, '0.00', '30.26', '85373.76', '0.00', '0.00', '85244.20', '129.56', 4, 12, '2019-05-16 01:41:41', 1),
(13, 1, '2019-01-10', 'COMPRA KROSER  ', NULL, '923.01', '0.00', '84450.75', '0.00', '-923.01', '85244.20', '129.56', 2, 21, '2019-05-16 01:41:53', 1),
(14, 1, '2019-01-11', 'DEP 24 HORAS 008660732', NULL, '0.00', '64258.31', '148709.06', '0.00', '-923.01', '85244.20', '64387.87', 4, 23, '2019-05-16 01:42:00', 1),
(15, 1, '2019-01-11', 'REDIVA 19210ANCAP JIGAMA', NULL, '0.00', '18.49', '148727.55', '0.00', '-923.01', '85244.20', '64406.36', 4, 12, '2019-05-16 01:42:00', 1),
(16, 1, '2019-01-11', 'COMPRA ANCAP JIGAMA  ', NULL, '564.00', '0.00', '148163.55', '0.00', '-923.01', '84680.20', '64406.36', 3, 33, '2019-05-16 01:42:05', 1),
(17, 1, '2019-01-14', 'COMPRA PETROBRAS PA  ', NULL, '2850.30', '0.00', '145313.25', '0.00', '-923.01', '81829.90', '64406.36', 3, 33, '2019-05-16 01:42:09', 1),
(18, 1, '2019-01-14', 'REDIVA 19210DEVOTO EXPRE', NULL, '0.00', '15.54', '145328.79', '0.00', '-923.01', '81829.90', '64421.90', 4, 12, '2019-05-16 01:42:09', 1),
(19, 1, '2019-01-14', 'COMPRA DEVOTO EXPRE  ', NULL, '474.00', '0.00', '144854.79', '0.00', '-923.01', '81355.90', '64421.90', 3, 7, '2019-05-16 01:42:12', 1),
(20, 1, '2019-01-15', 'TRASPASO A 6336322ILINK (Dogclub)', NULL, '5700.00', '0.00', '139154.79', '0.00', '-923.01', '75655.90', '64421.90', 3, 4, '2019-05-16 01:42:12', 1),
(21, 1, '2019-01-15', 'DEB. VARIOS VISA', NULL, '55332.84', '0.00', '83821.95', '0.00', '-923.01', '75655.90', '9089.06', 4, 15, '2019-05-16 01:42:12', 1),
(22, 1, '2019-01-16', 'REDIVA 19210UTE 795716', NULL, '0.00', '36.56', '83858.51', '0.00', '-923.01', '75655.90', '9125.62', 4, 12, '2019-05-16 01:42:12', 1),
(23, 1, '2019-01-16', 'PAGO FACTURAUTE 795716', NULL, '2476.00', '0.00', '81382.51', '0.00', '-923.01', '73179.90', '9125.62', 3, 20, '2019-05-16 01:42:12', 1),
(24, 1, '2019-01-17', 'TRASPASO A 7954 ILINK (Popurrí)', NULL, '15365.00', '0.00', '66017.51', '0.00', '-923.01', '57814.90', '9125.62', 3, 8, '2019-05-16 01:42:12', 1),
(25, 1, '2019-01-17', 'REDIVA 19210KINKO', NULL, '0.00', '22.43', '66039.94', '0.00', '-923.01', '57814.90', '9148.05', 4, 12, '2019-05-16 01:42:12', 1),
(26, 1, '2019-01-17', 'COMPRA KINKO  ', NULL, '684.00', '0.00', '65355.94', '0.00', '-923.01', '57130.90', '9148.05', 3, 7, '2019-05-16 01:42:15', 1),
(27, 1, '2019-01-18', 'REDIVA 19210MC DONALDS', NULL, '0.00', '63.89', '65419.83', '0.00', '-923.01', '57130.90', '9211.94', 4, 12, '2019-05-16 01:42:15', 1),
(28, 1, '2019-01-18', 'COMPRA MC DONALDS  ', NULL, '866.00', '0.00', '64553.83', '0.00', '-923.01', '56264.90', '9211.94', 3, 27, '2019-05-16 01:42:19', 1),
(29, 1, '2019-01-21', 'COMPRA SUPERMANANTI  ', NULL, '290.00', '0.00', '64263.83', '0.00', '-923.01', '55974.90', '9211.94', 3, 7, '2019-05-16 01:42:23', 1),
(30, 1, '2019-01-21', 'REDIVA 19210SUPERMANANTI', NULL, '0.00', '9.51', '64273.34', '0.00', '-923.01', '55974.90', '9221.45', 4, 12, '2019-05-16 01:42:23', 1),
(31, 1, '2019-01-22', 'REDIVA 19210DEVOTO EXPRE', NULL, '0.00', '4.62', '64277.96', '0.00', '-923.01', '55974.90', '9226.07', 4, 12, '2019-05-16 01:42:23', 1),
(32, 1, '2019-01-22', 'COMPRA DEVOTO EXPRE  ', NULL, '141.00', '0.00', '64136.96', '0.00', '-923.01', '55833.90', '9226.07', 3, 7, '2019-05-16 01:42:26', 1),
(33, 1, '2019-01-22', 'PAGO FACTURABPS', NULL, '17371.00', '0.00', '46765.96', '0.00', '-923.01', '55833.90', '-8144.93', 4, 10, '2019-05-16 01:42:26', 1),
(34, 1, '2019-01-24', 'COMPRA MUNDO MAC  ', NULL, '850.00', '0.00', '45915.96', '0.00', '-1773.01', '55833.90', '-8144.93', 2, 22, '2019-05-16 01:42:32', 1),
(35, 1, '2019-01-24', 'COMPRA HELADERIA FR  ', NULL, '760.00', '0.00', '45155.96', '0.00', '-1773.01', '55073.90', '-8144.93', 3, 27, '2019-05-16 01:42:37', 1),
(36, 1, '2019-01-24', 'REDIVA 19210HELADERIA FR', NULL, '0.00', '24.92', '45180.88', '0.00', '-1773.01', '55073.90', '-8120.01', 4, 12, '2019-05-16 01:42:37', 1),
(37, 1, '2019-01-25', 'REDIVA 19210PANADERIA NU', NULL, '0.00', '15.70', '45196.58', '0.00', '-1773.01', '55073.90', '-8104.31', 4, 12, '2019-05-16 01:42:37', 1),
(38, 1, '2019-01-25', 'REDIVA 19210FARMACIA COO', NULL, '0.00', '44.16', '45240.74', '0.00', '-1773.01', '55073.90', '-8060.15', 4, 12, '2019-05-16 01:42:37', 1),
(39, 1, '2019-01-25', 'COMPRA PANADERIA NU  ', NULL, '479.00', '0.00', '44761.74', '0.00', '-1773.01', '54594.90', '-8060.15', 3, 27, '2019-05-16 01:42:41', 1),
(40, 1, '2019-01-25', 'COMPRA FARMACIA COO  ', NULL, '1347.00', '0.00', '43414.74', '0.00', '-1773.01', '53247.90', '-8060.15', 3, 14, '2019-05-16 01:42:44', 1),
(41, 1, '2019-01-28', 'REDIVA 19210MVGAS 138601', NULL, '0.00', '24.61', '43439.35', '0.00', '-1773.01', '53247.90', '-8035.54', 4, 12, '2019-05-16 01:42:44', 1),
(42, 1, '2019-01-28', 'PAGO FACTURAMVGAS 138601', NULL, '1540.00', '0.00', '41899.35', '0.00', '-1773.01', '51707.90', '-8035.54', 3, 20, '2019-05-16 01:42:44', 1),
(43, 1, '2019-01-28', 'COMPRA TIENDA INGLE  ', NULL, '1178.00', '0.00', '40721.35', '0.00', '-1773.01', '50529.90', '-8035.54', 3, 7, '2019-05-16 01:42:47', 1),
(44, 1, '2019-01-28', 'REDIVA 19210TIENDA INGLE', NULL, '0.00', '42.13', '40763.48', '0.00', '-1773.01', '50529.90', '-7993.41', 4, 12, '2019-05-16 01:42:47', 1),
(45, 1, '2019-01-29', 'TRASPASO A 5752369ILINK  ', NULL, '9523.00', '0.00', '31240.48', '0.00', '-1773.01', '41006.90', '-7993.41', 3, 18, '2019-05-16 01:43:31', 1),
(46, 1, '2019-01-31', 'TRASPASO DE 8320010ILINK  ', NULL, '0.00', '150000.00', '181240.48', '0.00', '-1773.01', '41006.90', '142006.59', 4, 25, '2019-05-16 01:43:35', 1),
(47, 1, '2019-01-31', 'TRASPASO A 3851304ILINK (Sandra)', NULL, '16027.00', '0.00', '165213.48', '0.00', '-1773.01', '24979.90', '142006.59', 3, 11, '2019-05-16 01:43:35', 1),
(48, 1, '2019-01-31', 'TRASPASO A 41109 ILINK (British Schools)', NULL, '33900.00', '0.00', '131313.48', '0.00', '-1773.01', '-8920.10', '142006.59', 3, 8, '2019-05-16 01:43:35', 1),
(49, 1, '2019-01-31', 'RETIRO BRED 3736', NULL, '5000.00', '0.00', '126313.48', '0.00', '-6773.01', '-8920.10', '142006.59', 2, 36, '2019-05-16 01:43:41', 1),
(50, 1, '2019-01-31', 'Cierre Común', NULL, '8920.10', '0.00', '117393.38', '0.00', '-6773.01', '-8920.10', '133086.49', 4, 48, '2019-05-16 01:55:04', 1),
(51, 1, '2019-01-31', 'Cierre Común', NULL, '0.00', '8920.10', '126313.48', '0.00', '-6773.01', '0.00', '133086.49', 3, 47, '2019-05-16 01:55:12', 1),
(52, 1, '2019-01-31', 'Mesada', NULL, '20000.00', '0.00', '106313.48', '0.00', '-6773.01', '0.00', '113086.49', 4, 49, '2019-05-16 01:59:20', 1),
(53, 1, '2019-01-31', 'Mesada', NULL, '0.00', '20000.00', '126313.48', '20000.00', '-6773.01', '0.00', '113086.49', 1, 50, '2019-05-16 01:59:34', 1),
(54, 1, '2019-01-31', 'Mesada', NULL, '20000.00', '0.00', '106313.48', '20000.00', '-6773.01', '0.00', '93086.49', 4, 49, '2019-05-16 01:59:30', 1),
(55, 1, '2019-01-31', 'Mesada', NULL, '0.00', '20000.00', '126313.48', '20000.00', '13226.99', '0.00', '93086.49', 2, 51, '2019-05-16 01:59:27', 1),
(56, 1, '2019-02-01', 'REDIVA 19210ANTEL 262900', NULL, '0.00', '23.64', '126337.12', '20000.00', '13226.99', '0.00', '93110.13', 4, 12, '2019-05-16 02:00:08', 1),
(57, 1, '2019-02-01', 'PAGO FACTURAANTEL 262900', NULL, '1632.00', '0.00', '124705.12', '20000.00', '13226.99', '-1632.00', '93110.13', 3, 20, '2019-05-16 02:00:08', 1),
(58, 1, '2019-02-01', 'DEB. VARIOS VISA-ILINK', NULL, '50000.00', '0.00', '74705.12', '20000.00', '13226.99', '-1632.00', '43110.13', 4, 15, '2019-05-16 02:00:08', 1),
(59, 1, '2019-02-04', 'TRASPASO A 7954 ILINK (Popurrí)', NULL, '11560.00', '0.00', '63145.12', '20000.00', '13226.99', '-13192.00', '43110.13', 3, 8, '2019-05-16 02:00:08', 1),
(60, 1, '2019-02-04', 'COMPRA VETERINARIA  ', NULL, '2110.00', '0.00', '61035.12', '20000.00', '13226.99', '-15302.00', '43110.13', 3, 4, '2019-05-16 02:01:28', 1),
(61, 1, '2019-02-04', 'REDIVA 19210VETERINARIA', NULL, '0.00', '69.18', '61104.30', '20000.00', '13226.99', '-15302.00', '43179.31', 4, 12, '2019-05-16 02:01:28', 1),
(62, 1, '2019-02-05', 'DEB. CAMBIOSST....053960', NULL, '1760.00', '0.00', '59344.30', '20000.00', '13226.99', '-17062.00', '43179.31', 3, 5, '2019-05-16 20:10:57', 1),
(63, 1, '2019-02-06', 'REDIVA 19210MOSCA', NULL, '0.00', '19.92', '59364.22', '20000.00', '13226.99', '-17062.00', '43199.23', 4, 12, '2019-05-16 20:10:57', 1),
(64, 1, '2019-02-06', 'COMPRA MOSCA  ', NULL, '608.00', '0.00', '58756.22', '20000.00', '12618.99', '-17062.00', '43199.23', 2, 22, '2019-05-16 20:10:57', 1),
(65, 1, '2019-02-06', 'REDIVA 19210MC DONALDS', NULL, '0.00', '39.98', '58796.20', '20000.00', '12618.99', '-17062.00', '43239.21', 4, 12, '2019-05-16 20:10:57', 1),
(66, 1, '2019-02-06', 'COMPRA MC DONALDS  ', NULL, '542.00', '0.00', '58254.20', '20000.00', '12618.99', '-17604.00', '43239.21', 3, 27, '2019-05-16 20:10:57', 1),
(67, 1, '2019-02-07', 'TRASPASO DE 8320010ILINK  ', NULL, '0.00', '60000.00', '118254.20', '20000.00', '12618.99', '-17604.00', '103239.21', 4, 25, '2019-05-16 20:10:57', 1),
(68, 1, '2019-02-07', 'TRASPASO A 3429076ILINK (Gastos comunes Casonas)', NULL, '45016.00', '0.00', '73238.20', '20000.00', '12618.99', '-62620.00', '103239.21', 3, 20, '2019-05-16 20:10:57', 1),
(69, 1, '2019-02-11', 'DEB. CAMBIOSST....099720', NULL, '350.00', '0.00', '72888.20', '20000.00', '12618.99', '-62970.00', '103239.21', 3, 5, '2019-05-16 20:11:19', 1),
(70, 1, '2019-02-12', 'DEP 24 HORAS 008859062 (Devoto San Quintín)', NULL, '0.00', '45893.81', '118782.01', '20000.00', '12618.99', '-62970.00', '149133.02', 4, 23, '2019-05-16 20:11:19', 1),
(71, 1, '2019-02-12', 'REDIVA 19210MC DONALDS', NULL, '0.00', '19.11', '118801.12', '20000.00', '12618.99', '-62970.00', '149152.13', 4, 12, '2019-05-16 20:11:19', 1),
(72, 1, '2019-02-12', 'COMPRA MC DONALDS  ', NULL, '259.00', '0.00', '118542.12', '20000.00', '12359.99', '-62970.00', '149152.13', 2, 6, '2019-05-16 20:11:19', 1),
(73, 1, '2019-02-12', 'REDIVA 19210TIENDA INGLE', NULL, '0.00', '142.42', '118684.54', '20000.00', '12359.99', '-62970.00', '149294.55', 4, 12, '2019-05-16 20:11:19', 1),
(74, 1, '2019-02-12', 'COMPRA TIENDA INGLE  ', NULL, '4200.00', '0.00', '114484.54', '20000.00', '12359.99', '-67170.00', '149294.55', 3, 7, '2019-05-16 20:11:19', 1),
(75, 1, '2019-02-13', 'REDIVA 19210UTE 795716', NULL, '0.00', '73.74', '114558.28', '20000.00', '12359.99', '-67170.00', '149368.29', 4, 12, '2019-05-16 20:11:19', 1),
(76, 1, '2019-02-13', 'PAGO FACTURAUTE 795716', NULL, '4838.00', '0.00', '109720.28', '20000.00', '12359.99', '-72008.00', '149368.29', 3, 20, '2019-05-16 20:11:19', 1),
(77, 1, '2019-02-14', 'REDIVA 19210minimercado', NULL, '0.00', '5.87', '109726.15', '20000.00', '12359.99', '-72008.00', '149374.16', 4, 12, '2019-05-16 20:11:19', 1),
(78, 1, '2019-02-14', 'COMPRA minimercado  ', NULL, '179.00', '0.00', '109547.15', '20000.00', '12359.99', '-72187.00', '149374.16', 3, 7, '2019-05-16 20:11:19', 1),
(79, 1, '2019-02-14', 'DEB. VARIOS VISA', NULL, '52515.86', '0.00', '57031.29', '20000.00', '12359.99', '-72187.00', '96858.30', 4, 15, '2019-05-16 20:11:19', 1),
(80, 1, '2019-02-15', 'TRASPASO A 3851304ILINK (Sandra)', NULL, '676.00', '0.00', '56355.29', '20000.00', '12359.99', '-72863.00', '96858.30', 3, 11, '2019-05-16 20:11:19', 1),
(81, 1, '2019-02-15', 'REDIVA 19210minimercado', NULL, '0.00', '35.02', '56390.31', '20000.00', '12359.99', '-72863.00', '96893.32', 4, 12, '2019-05-16 20:11:19', 1),
(82, 1, '2019-02-15', 'COMPRA minimercado  ', NULL, '1068.00', '0.00', '55322.31', '20000.00', '12359.99', '-73931.00', '96893.32', 3, 7, '2019-05-16 20:11:19', 1),
(83, 1, '2019-02-18', 'REDIVA 19210minimercado', NULL, '0.00', '3.54', '55325.85', '20000.00', '12359.99', '-73931.00', '96896.86', 4, 12, '2019-05-16 20:11:19', 1),
(84, 1, '2019-02-18', 'COMPRA ANCAP LA BAR  ', NULL, '2900.00', '0.00', '52425.85', '20000.00', '12359.99', '-76831.00', '96896.86', 3, 33, '2019-05-16 20:11:19', 1),
(85, 1, '2019-02-18', 'COMPRA minimercado  ', NULL, '108.00', '0.00', '52317.85', '20000.00', '12359.99', '-76939.00', '96896.86', 3, 7, '2019-05-16 20:11:19', 1),
(86, 1, '2019-02-20', 'CRED.DIRECTOSWISS MEDICA', NULL, '0.00', '2229.00', '54546.85', '20000.00', '12359.99', '-74710.00', '96896.86', 3, 29, '2019-05-16 20:11:29', 1),
(87, 1, '2019-02-21', 'REDIVA 19210TIENDA INGLE', NULL, '0.00', '53.82', '54600.67', '20000.00', '12359.99', '-74710.00', '96950.68', 4, 12, '2019-05-16 20:11:29', 1),
(88, 1, '2019-02-21', 'REDIVA 19210un altra vol', NULL, '0.00', '36.39', '54637.06', '20000.00', '12359.99', '-74710.00', '96987.07', 4, 12, '2019-05-16 20:11:29', 1),
(89, 1, '2019-02-21', 'COMPRA TIENDA INGLE  ', NULL, '1540.00', '0.00', '53097.06', '20000.00', '12359.99', '-76250.00', '96987.07', 3, 7, '2019-05-16 20:11:33', 1),
(90, 1, '2019-02-21', 'COMPRA un altra vol  ', NULL, '1110.00', '0.00', '51987.06', '20000.00', '12359.99', '-77360.00', '96987.07', 3, 27, '2019-05-16 20:11:33', 1),
(91, 1, '2019-02-21', 'PAGO FACTURABPS', NULL, '9167.00', '0.00', '42820.06', '20000.00', '12359.99', '-77360.00', '87820.07', 4, 10, '2019-05-16 20:11:33', 1),
(92, 1, '2019-02-22', 'TRASPASO A 8062645ILINK  ', NULL, '1276.00', '0.00', '41544.06', '20000.00', '12359.99', '-78636.00', '87820.07', 3, 33, '2019-05-16 20:12:46', 1),
(93, 1, '2019-02-25', 'COMPRA ANCAP JOSE I  ', NULL, '531.00', '0.00', '41013.06', '20000.00', '11828.99', '-78636.00', '87820.07', 2, 22, '2019-05-16 20:12:54', 1),
(94, 1, '2019-02-25', 'REDIVA 19210ANCAP JOSE I', NULL, '0.00', '17.41', '41030.47', '20000.00', '11828.99', '-78636.00', '87837.48', 4, 12, '2019-05-16 20:12:54', 1),
(95, 1, '2019-02-25', 'TRASPASO DE 8320010ILINK  ', NULL, '0.00', '150000.00', '191030.47', '20000.00', '11828.99', '-78636.00', '237837.48', 4, 25, '2019-05-16 20:12:54', 1),
(96, 1, '2019-02-25', 'TRASPASO A 3851304ILINK (Sandra)', NULL, '755.00', '0.00', '190275.47', '20000.00', '11828.99', '-79391.00', '237837.48', 3, 11, '2019-05-16 20:12:54', 1),
(97, 1, '2019-02-25', 'TRASPASO A 41109 ILINK (British Schools)', NULL, '33900.00', '0.00', '156375.47', '20000.00', '11828.99', '-113291.00', '237837.48', 3, 8, '2019-05-16 20:12:54', 1),
(98, 1, '2019-02-25', 'COMPRA ANCAP JOSE I  ', NULL, '680.00', '0.00', '155695.47', '20000.00', '11148.99', '-113291.00', '237837.48', 2, 22, '2019-05-16 20:12:54', 1),
(99, 1, '2019-02-25', 'COMPRA ANCAP JOSE I  ', NULL, '197.00', '0.00', '155498.47', '20000.00', '10951.99', '-113291.00', '237837.48', 2, 22, '2019-05-16 20:12:54', 1),
(100, 1, '2019-02-25', 'REDIVA 19210ANCAP JOSE I', NULL, '0.00', '6.46', '155504.93', '20000.00', '10951.99', '-113291.00', '237843.94', 4, 12, '2019-05-16 20:12:54', 1),
(101, 1, '2019-02-25', 'PAGO FACTURAIMMT05085591', NULL, '384.00', '0.00', '155120.93', '20000.00', '10951.99', '-113675.00', '237843.94', 3, 20, '2019-05-16 20:12:54', 1),
(102, 1, '2019-02-26', 'REDIVA 19210MVGAS 138601', NULL, '0.00', '19.33', '155140.26', '20000.00', '10951.99', '-113675.00', '237863.27', 4, 12, '2019-05-16 20:12:54', 1),
(103, 1, '2019-02-26', 'PAGO FACTURAMVGAS 138601', NULL, '1205.00', '0.00', '153935.26', '20000.00', '10951.99', '-114880.00', '237863.27', 3, 20, '2019-05-16 20:12:54', 1),
(104, 1, '2019-02-26', 'REDIVA 19210GOURMEAT BOU', NULL, '0.00', '71.00', '154006.26', '20000.00', '10951.99', '-114880.00', '237934.27', 4, 12, '2019-05-16 20:12:54', 1),
(105, 1, '2019-02-26', 'REDIVA 19210GOURMEAT BOU', NULL, '0.00', '17.88', '154024.14', '20000.00', '10951.99', '-114880.00', '237952.15', 4, 12, '2019-05-16 20:12:54', 1),
(106, 1, '2019-02-26', 'REDIVA 19210CANOA QUEBRA', NULL, '0.00', '19.67', '154043.81', '20000.00', '10951.99', '-114880.00', '237971.82', 4, 12, '2019-05-16 20:12:54', 1),
(107, 1, '2019-02-26', 'COMPRA KINKO  ', NULL, '223.00', '0.00', '153820.81', '20000.00', '10951.99', '-115103.00', '237971.82', 3, 7, '2019-05-16 20:12:54', 1),
(108, 1, '2019-02-26', 'COMPRA GOURMEAT BOU  ', NULL, '1981.57', '0.00', '151839.24', '20000.00', '10951.99', '-117084.57', '237971.82', 3, 33, '2019-05-16 20:12:54', 1),
(109, 1, '2019-02-26', 'COMPRA GOURMEAT BOU  ', NULL, '491.62', '0.00', '151347.62', '20000.00', '10951.99', '-117576.19', '237971.82', 3, 33, '2019-05-16 20:12:54', 1),
(110, 1, '2019-02-26', 'COMPRA CANOA QUEBRA  ', NULL, '600.00', '0.00', '150747.62', '19400.00', '10951.99', '-117576.19', '237971.82', 1, 40, '2019-05-16 20:12:54', 1),
(111, 1, '2019-02-26', 'REDIVA 19210KINKO', NULL, '0.00', '7.31', '150754.93', '19400.00', '10951.99', '-117576.19', '237979.13', 4, 12, '2019-05-16 20:12:54', 1),
(112, 1, '2019-02-27', 'REDIVA 19210ANCAP JOSE I', NULL, '0.00', '12.59', '150767.52', '19400.00', '10951.99', '-117576.19', '237991.72', 4, 12, '2019-05-16 20:12:54', 1),
(113, 1, '2019-02-27', 'COMPRA SUPERMANANTI  ', NULL, '708.00', '0.00', '150059.52', '19400.00', '10951.99', '-118284.19', '237991.72', 3, 7, '2019-05-16 20:12:54', 1),
(114, 1, '2019-02-27', 'COMPRA ANCAP JOSE I  ', NULL, '384.00', '0.00', '149675.52', '19400.00', '10951.99', '-118668.19', '237991.72', 3, 18, '2019-05-16 20:12:54', 1),
(115, 1, '2019-02-27', 'REDIVA 19210SUPERMANANTI', NULL, '0.00', '23.20', '149698.72', '19400.00', '10951.99', '-118668.19', '238014.92', 4, 12, '2019-05-16 20:12:54', 1),
(116, 1, '2019-02-28', 'REDIVA 19210minimercado', NULL, '0.00', '6.23', '149704.95', '19400.00', '10951.99', '-118668.19', '238021.15', 4, 12, '2019-05-16 20:12:54', 1),
(117, 1, '2019-02-28', 'COMPRA minimercado  ', NULL, '190.00', '0.00', '149514.95', '19400.00', '10951.99', '-118858.19', '238021.15', 3, 7, '2019-05-16 20:12:54', 1),
(118, 1, '2019-02-28', 'REDIVA 19210SUPERMANANTI', NULL, '0.00', '41.22', '149556.17', '19400.00', '10951.99', '-118858.19', '238062.37', 4, 12, '2019-05-16 20:12:54', 1),
(119, 1, '2019-02-28', 'COMPRA SUPERMANANTI  ', NULL, '1257.00', '0.00', '148299.17', '19400.00', '10951.99', '-120115.19', '238062.37', 3, 7, '2019-05-16 20:13:27', 1),
(120, 1, '2019-02-28', 'RETIRO BRED 3736', NULL, '5700.00', '0.00', '142599.17', '19400.00', '5251.99', '-120115.19', '238062.37', 2, 36, '2019-05-16 20:13:27', 1),
(121, 1, '2019-02-28', 'Cierre Común', NULL, '120115.19', '0.00', '22483.98', '19400.00', '5251.99', '-120115.19', '117947.18', 4, 48, '2019-05-16 21:45:12', 1),
(122, 1, '2019-02-28', 'Cierre Común', NULL, '0.00', '120115.19', '142599.17', '19400.00', '5251.99', '0.00', '117947.18', 3, 47, '2019-05-16 21:45:34', 1),
(123, 1, '2019-02-28', 'Mesada', NULL, '20000.00', '0.00', '122599.17', '19400.00', '5251.99', '0.00', '97947.18', 4, 49, '2019-05-16 21:45:31', 1),
(124, 1, '2019-02-28', 'Mesada', NULL, '0.00', '20000.00', '142599.17', '39400.00', '5251.99', '0.00', '97947.18', 1, 50, '2019-05-16 21:45:16', 1),
(125, 1, '2019-02-28', 'Mesada', NULL, '20000.00', '0.00', '122599.17', '39400.00', '5251.99', '0.00', '77947.18', 4, 49, '2019-05-16 21:45:18', 1),
(126, 1, '2019-02-28', 'Mesada', NULL, '0.00', '20000.00', '142599.17', '39400.00', '25251.99', '0.00', '77947.18', 2, 51, '2019-05-16 21:45:25', 1),
(127, 1, '2019-03-01', 'TRASPASO A 3851304ILINK (Sandra)', NULL, '16041.00', '0.00', '126558.17', '39400.00', '25251.99', '-16041.00', '77947.18', 3, 11, '2019-05-16 21:49:03', 1),
(128, 1, '2019-03-01', 'COMPRA ANCAP LA BAR  ', NULL, '2260.00', '0.00', '124298.17', '39400.00', '25251.99', '-18301.00', '77947.18', 3, 33, '2019-05-16 21:49:25', 1),
(129, 1, '2019-03-01', 'COMPRA farmacia bik  ', NULL, '469.00', '0.00', '123829.17', '39400.00', '25251.99', '-18770.00', '77947.18', 3, 14, '2019-05-16 21:49:31', 1),
(130, 1, '2019-03-06', 'REDIVA 19210ANTEL 262900', NULL, '0.00', '24.22', '123853.39', '39400.00', '25251.99', '-18770.00', '77971.40', 4, 12, '2019-05-16 21:49:31', 1),
(131, 1, '2019-03-06', 'PAGO FACTURAANTEL 262900', NULL, '1673.00', '0.00', '122180.39', '39400.00', '25251.99', '-20443.00', '77971.40', 3, 20, '2019-05-16 21:49:31', 1),
(132, 1, '2019-03-06', 'COMPRA FARMACIA COO  ', NULL, '574.00', '0.00', '121606.39', '39400.00', '25251.99', '-21017.00', '77971.40', 3, 14, '2019-05-16 21:49:36', 1),
(133, 1, '2019-03-06', 'REDIVA 19210FARMACIA COO', NULL, '0.00', '18.82', '121625.21', '39400.00', '25251.99', '-21017.00', '77990.22', 4, 12, '2019-05-16 21:49:36', 1),
(134, 1, '2019-03-06', 'COMPRA DEVOTO EXPRE  ', NULL, '1716.10', '0.00', '119909.11', '39400.00', '25251.99', '-22733.10', '77990.22', 3, 7, '2019-05-16 21:49:40', 1),
(135, 1, '2019-03-06', 'REDIVA 19210DEVOTO EXPRE', NULL, '0.00', '56.87', '119965.98', '39400.00', '25251.99', '-22733.10', '78047.09', 4, 12, '2019-05-16 21:49:40', 1),
(136, 1, '2019-03-06', 'REDIVA 19210ALMACEN DE P', NULL, '0.00', '112.35', '120078.33', '39400.00', '25251.99', '-22733.10', '78159.44', 4, 12, '2019-05-16 21:49:40', 1),
(137, 1, '2019-03-06', 'COMPRA ALMACEN DE P  ', NULL, '1675.00', '0.00', '118403.33', '39400.00', '25251.99', '-24408.10', '78159.44', 3, 27, '2019-05-16 21:50:00', 1),
(138, 1, '2019-03-07', 'TRASPASO A 3851304ILINK (Sandra)', NULL, '16000.00', '0.00', '102403.33', '39400.00', '25251.99', '-40408.10', '78159.44', 3, 11, '2019-05-16 21:50:00', 1),
(139, 1, '2019-03-07', 'REDIVA 19210MC DONALDS', NULL, '0.00', '19.84', '102423.17', '39400.00', '25251.99', '-40408.10', '78179.28', 4, 12, '2019-05-16 21:50:00', 1),
(140, 1, '2019-03-07', 'COMPRA MC DONALDS  ', NULL, '269.00', '0.00', '102154.17', '39400.00', '24982.99', '-40408.10', '78179.28', 2, 6, '2019-05-16 21:50:06', 1),
(141, 1, '2019-03-08', 'TRASPASO DE 3851304ILINK  ', NULL, '0.00', '1200.00', '103354.17', '39400.00', '24982.99', '-40408.10', '79379.28', 4, 38, '2019-05-16 21:52:09', 1),
(142, 1, '2019-03-08', 'COMPRA GCG FOOD  ', NULL, '52.00', '0.00', '103302.17', '39400.00', '24982.99', '-40460.10', '79379.28', 3, 27, '2019-05-16 21:52:18', 1),
(143, 1, '2019-03-08', 'REDIVA 19210GCG FOOD', NULL, '0.00', '3.84', '103306.01', '39400.00', '24982.99', '-40460.10', '79383.12', 4, 12, '2019-05-16 21:52:18', 1),
(144, 1, '2019-03-11', 'COMPRA DEVOTO EXPRE  ', NULL, '1323.45', '0.00', '101982.56', '39400.00', '24982.99', '-41783.55', '79383.12', 3, 7, '2019-05-16 21:52:21', 1),
(145, 1, '2019-03-11', 'REDIVA 19210DEVOTO EXPRE', NULL, '0.00', '43.39', '102025.95', '39400.00', '24982.99', '-41783.55', '79426.51', 4, 12, '2019-05-16 21:52:21', 1),
(146, 1, '2019-03-11', 'COMPRA PETROBRAS IN  ', NULL, '3015.00', '0.00', '99010.95', '39400.00', '24982.99', '-44798.55', '79426.51', 3, 33, '2019-05-16 21:52:37', 1),
(147, 1, '2019-03-11', 'TRASPASO A 5752369ILINK  ', NULL, '2367.00', '0.00', '96643.95', '39400.00', '24982.99', '-47165.55', '79426.51', 3, 8, '2019-05-16 21:54:18', 1),
(148, 1, '2019-03-11', 'REDIVA 19210VETERINARIA', NULL, '0.00', '20.66', '96664.61', '39400.00', '24982.99', '-47165.55', '79447.17', 4, 12, '2019-05-16 21:54:18', 1),
(149, 1, '2019-03-11', 'COMPRA VETERINARIA  ', NULL, '630.00', '0.00', '96034.61', '39400.00', '24982.99', '-47795.55', '79447.17', 3, 4, '2019-05-16 21:54:23', 1),
(150, 1, '2019-03-11', 'REDIVA 19210DEVOTO EXPRE', NULL, '0.00', '17.21', '96051.82', '39400.00', '24982.99', '-47795.55', '79464.38', 4, 12, '2019-05-16 21:54:23', 1),
(151, 1, '2019-03-11', 'COMPRA DEVOTO EXPRE  ', NULL, '561.00', '0.00', '95490.82', '39400.00', '24982.99', '-48356.55', '79464.38', 3, 7, '2019-05-16 21:54:39', 1),
(152, 1, '2019-03-12', 'DEP 24 HORAS 009032918', NULL, '0.00', '44399.63', '139890.45', '39400.00', '24982.99', '-48356.55', '123864.01', 4, 23, '2019-05-16 21:54:44', 1),
(153, 1, '2019-03-12', 'TRASPASO A 7954 ILINK (Popurrí)', NULL, '10790.00', '0.00', '129100.45', '39400.00', '24982.99', '-59146.55', '123864.01', 3, 8, '2019-05-16 21:54:44', 1),
(154, 1, '2019-03-12', 'REDIVA 19210KINKO', NULL, '0.00', '3.87', '129104.32', '39400.00', '24982.99', '-59146.55', '123867.88', 4, 12, '2019-05-16 21:54:44', 1),
(155, 1, '2019-03-12', 'REDIVA 19210BURGER KING', NULL, '0.00', '27.66', '129131.98', '39400.00', '24982.99', '-59146.55', '123895.54', 4, 12, '2019-05-16 21:54:44', 1),
(156, 1, '2019-03-12', 'COMPRA KINKO  ', NULL, '118.00', '0.00', '129013.98', '39400.00', '24864.99', '-59146.55', '123895.54', 2, 46, '2019-05-16 21:54:58', 1),
(157, 1, '2019-03-12', 'REDIVA 19210El ALmacen', NULL, '0.00', '17.07', '129031.05', '39400.00', '24864.99', '-59146.55', '123912.61', 4, 12, '2019-05-16 21:54:58', 1),
(158, 1, '2019-03-12', 'COMPRA BURGER KING  ', NULL, '375.00', '0.00', '128656.05', '39400.00', '24489.99', '-59146.55', '123912.61', 2, 6, '2019-05-16 21:55:03', 1),
(159, 1, '2019-03-12', 'COMPRA El ALmacen  ', NULL, '508.70', '0.00', '128147.35', '39400.00', '24489.99', '-59655.25', '123912.61', 3, 27, '2019-05-16 21:55:13', 1),
(160, 1, '2019-03-13', 'REDIVA 19210UTE 795716', NULL, '0.00', '46.14', '128193.49', '39400.00', '24489.99', '-59655.25', '123958.75', 4, 12, '2019-05-16 21:55:13', 1),
(161, 1, '2019-03-13', 'PAGO FACTURAUTE 795716', NULL, '3154.00', '0.00', '125039.49', '39400.00', '24489.99', '-62809.25', '123958.75', 3, 20, '2019-05-16 21:55:13', 1),
(162, 1, '2019-03-14', 'REDIVA 19210ASHOT SHAWAR', NULL, '0.00', '11.31', '125050.80', '39400.00', '24489.99', '-62809.25', '123970.06', 4, 12, '2019-05-16 21:55:13', 1),
(163, 1, '2019-03-14', 'COMPRA ASHOT SHAWAR  ', NULL, '345.00', '0.00', '124705.80', '39400.00', '24144.99', '-62809.25', '123970.06', 2, 6, '2019-05-16 21:55:18', 1),
(164, 1, '2019-03-14', 'DEB. VARIOS VISA', NULL, '30875.66', '0.00', '93830.14', '39400.00', '24144.99', '-62809.25', '93094.40', 4, 15, '2019-05-16 21:55:18', 1),
(165, 1, '2019-03-15', 'REDIVA 19210MC DONALDS', NULL, '0.00', '19.84', '93849.98', '39400.00', '24144.99', '-62809.25', '93114.24', 4, 12, '2019-05-16 21:55:18', 1),
(166, 1, '2019-03-15', 'COMPRA GIPSY KINGS  ', NULL, '4200.00', '0.00', '89649.98', '39400.00', '24144.99', '-67009.25', '93114.24', 3, 18, '2019-05-16 21:55:29', 1),
(167, 1, '2019-03-15', 'COMPRA MC DONALDS  ', NULL, '269.00', '0.00', '89380.98', '39400.00', '23875.99', '-67009.25', '93114.24', 2, 6, '2019-05-16 21:55:40', 1),
(168, 1, '2019-03-18', 'REDIVA 19210MC DONALDS', NULL, '0.00', '12.39', '89393.37', '39400.00', '23875.99', '-67009.25', '93126.63', 4, 12, '2019-05-16 21:55:40', 1),
(169, 1, '2019-03-18', 'COMPRA MC DONALDS  ', NULL, '168.00', '0.00', '89225.37', '39400.00', '23707.99', '-67009.25', '93126.63', 2, 6, '2019-05-16 21:55:45', 1),
(170, 1, '2019-03-19', 'COMPRA TIENDA INGLE  ', NULL, '260.00', '0.00', '88965.37', '39400.00', '23707.99', '-67269.25', '93126.63', 3, 7, '2019-05-16 21:55:49', 1),
(171, 1, '2019-03-19', 'COMPRA TIENDA INGLE  ', NULL, '130.00', '0.00', '88835.37', '39400.00', '23707.99', '-67399.25', '93126.63', 3, 7, '2019-05-16 21:55:53', 1),
(172, 1, '2019-03-19', 'REDIVA 19210TIENDA INGLE', NULL, '0.00', '8.52', '88843.89', '39400.00', '23707.99', '-67399.25', '93135.15', 4, 12, '2019-05-16 21:55:53', 1),
(173, 1, '2019-03-19', 'REDIVA 19210TIENDA INGLE', NULL, '0.00', '4.26', '88848.15', '39400.00', '23707.99', '-67399.25', '93139.41', 4, 12, '2019-05-16 21:55:53', 1),
(174, 1, '2019-03-20', 'TRASPASO A 0157412ILINK  ', NULL, '2765.74', '0.00', '86082.41', '39400.00', '23707.99', '-70164.99', '93139.41', 3, 43, '2019-05-16 21:56:20', 1),
(175, 1, '2019-03-20', 'REDIVA 19210LISA', NULL, '0.00', '32.46', '86114.87', '39400.00', '23707.99', '-70164.99', '93171.87', 4, 12, '2019-05-16 21:56:20', 1),
(176, 1, '2019-03-20', 'COMPRA LISA  ', NULL, '484.00', '0.00', '85630.87', '39400.00', '23223.99', '-70164.99', '93171.87', 2, 6, '2019-05-16 21:56:24', 1),
(177, 1, '2019-03-21', 'TRASPASO A 0157412ILINK  ', NULL, '6423.30', '0.00', '79207.57', '32976.70', '23223.99', '-70164.99', '93171.87', 1, 13, '2019-05-16 21:57:30', 1),
(178, 1, '2019-03-21', 'REDIVA 19210ASHOT SHAWAR', NULL, '0.00', '11.31', '79218.88', '32976.70', '23223.99', '-70164.99', '93183.18', 4, 12, '2019-05-16 21:57:30', 1),
(179, 1, '2019-03-21', 'COMPRA ASHOT SHAWAR  ', NULL, '345.00', '0.00', '78873.88', '32976.70', '22878.99', '-70164.99', '93183.18', 2, 6, '2019-05-16 21:57:50', 1),
(180, 1, '2019-03-22', 'REDIVA 19210MC DONALDS', NULL, '0.00', '19.84', '78893.72', '32976.70', '22878.99', '-70164.99', '93203.02', 4, 12, '2019-05-16 21:57:50', 1),
(181, 1, '2019-03-22', 'COMPRA MC DONALDS  ', NULL, '269.00', '0.00', '78624.72', '32976.70', '22609.99', '-70164.99', '93203.02', 2, 6, '2019-05-16 21:58:27', 1),
(182, 1, '2019-03-25', 'REDIVA 19210TATA', NULL, '0.00', '105.39', '78730.11', '32976.70', '22609.99', '-70164.99', '93308.41', 4, 12, '2019-05-16 21:58:27', 1),
(183, 1, '2019-03-25', 'REDIVA 19210TATA', NULL, '0.00', '1.64', '78731.75', '32976.70', '22609.99', '-70164.99', '93310.05', 4, 12, '2019-05-16 21:58:27', 1),
(184, 1, '2019-03-25', 'COMPRA ANCAP INDEPE  ', NULL, '70.00', '0.00', '78661.75', '32976.70', '22539.99', '-70164.99', '93310.05', 2, 46, '2019-05-16 21:58:34', 1),
(185, 1, '2019-03-25', 'REDIVA 19210DEVOTO EXPRE', NULL, '0.00', '24.72', '78686.47', '32976.70', '22539.99', '-70164.99', '93334.77', 4, 12, '2019-05-16 21:58:34', 1),
(186, 1, '2019-03-25', 'COMPRA TATA  ', NULL, '3186.00', '0.00', '75500.47', '32976.70', '22539.99', '-73350.99', '93334.77', 3, 7, '2019-05-16 21:58:38', 1),
(187, 1, '2019-03-25', 'COMPRA TATA  ', NULL, '50.00', '0.00', '75450.47', '32976.70', '22539.99', '-73400.99', '93334.77', 3, 7, '2019-05-16 21:58:41', 1),
(188, 1, '2019-03-25', 'REDIVA 19210ANCAP INDEPE', NULL, '0.00', '2.30', '75452.77', '32976.70', '22539.99', '-73400.99', '93337.07', 4, 12, '2019-05-16 21:58:41', 1),
(189, 1, '2019-03-25', 'COMPRA DEVOTO EXPRE  ', NULL, '700.65', '0.00', '74752.12', '32976.70', '22539.99', '-74101.64', '93337.07', 3, 7, '2019-05-16 21:58:44', 1),
(190, 1, '2019-03-25', 'TRASPASO DE 8320010ILINK', NULL, '0.00', '100000.00', '174752.12', '32976.70', '22539.99', '-74101.64', '193337.07', 4, 25, '2019-05-16 21:58:55', 1),
(191, 1, '2019-03-25', 'COMPRA CAFE CENTRAL  ', NULL, '413.00', '0.00', '174339.12', '32976.70', '22126.99', '-74101.64', '193337.07', 2, 6, '2019-05-16 21:59:05', 1),
(192, 1, '2019-03-25', 'COMPRA DEVOTO SUPER  ', NULL, '246.00', '0.00', '174093.12', '32976.70', '22126.99', '-74347.64', '193337.07', 3, 7, '2019-05-16 21:59:12', 1),
(193, 1, '2019-03-25', 'REDIVA 19210CAFE CENTRAL', NULL, '0.00', '27.66', '174120.78', '32976.70', '22126.99', '-74347.64', '193364.73', 4, 12, '2019-05-16 21:59:12', 1),
(194, 1, '2019-03-25', 'REDIVA 19210DEVOTO SUPER', NULL, '0.00', '8.07', '174128.85', '32976.70', '22126.99', '-74347.64', '193372.80', 4, 12, '2019-05-16 21:59:12', 1),
(195, 1, '2019-03-25', 'PAGO FACTURAIMMC05111422', NULL, '18390.00', '0.00', '155738.85', '32976.70', '22126.99', '-92737.64', '193372.80', 3, 20, '2019-05-16 21:59:42', 1),
(196, 1, '2019-03-25', 'PAGO FACTURABPS', NULL, '9173.00', '0.00', '146565.85', '32976.70', '22126.99', '-92737.64', '184199.80', 4, 10, '2019-05-16 21:59:42', 1),
(197, 1, '2019-03-26', 'CRED.DIRECTOSWISS MEDICA', NULL, '0.00', '2229.00', '148794.85', '32976.70', '22126.99', '-90508.64', '184199.80', 3, 29, '2019-05-16 21:59:46', 1),
(198, 1, '2019-03-26', 'COMPRA ANCAP EST. E  ', NULL, '3040.00', '0.00', '145754.85', '32976.70', '19086.99', '-90508.64', '184199.80', 2, 16, '2019-05-16 22:00:05', 1),
(199, 1, '2019-03-27', 'REDIVA 19210MVGAS 138601', NULL, '0.00', '15.30', '145770.15', '32976.70', '19086.99', '-90508.64', '184215.10', 4, 12, '2019-05-16 22:00:05', 1),
(200, 1, '2019-03-27', 'PAGO FACTURAMVGAS 138601', NULL, '951.00', '0.00', '144819.15', '32976.70', '19086.99', '-91459.64', '184215.10', 3, 20, '2019-05-16 22:00:05', 1),
(201, 1, '2019-03-28', 'TRASPASO A 41109 ILINK (British Schools)', NULL, '33900.00', '0.00', '110919.15', '32976.70', '19086.99', '-125359.64', '184215.10', 3, 8, '2019-05-16 22:00:05', 1),
(202, 1, '2019-03-29', 'CRE.VARIOS GIPSY KINGS', NULL, '0.00', '4200.00', '115119.15', '32976.70', '19086.99', '-121159.64', '184215.10', 3, 18, '2019-05-16 22:00:30', 1),
(203, 1, '2019-03-29', 'TRASPASO DE 9560687ILINK  ', NULL, '0.00', '4500.00', '119619.15', '32976.70', '19086.99', '-116659.64', '184215.10', 3, 7, '2019-05-16 22:01:43', 1),
(204, 1, '2019-03-29', 'TRASPASO A 3851304ILINK (Sandra)', NULL, '19553.00', '0.00', '100066.15', '32976.70', '19086.99', '-136212.64', '184215.10', 3, 11, '2019-05-16 22:01:43', 1),
(205, 1, '2019-03-29', 'TRASPASO A 7954 ILINK (Popurrí)', NULL, '10790.00', '0.00', '89276.15', '32976.70', '19086.99', '-147002.64', '184215.10', 3, 8, '2019-05-16 22:01:43', 1),
(206, 1, '2019-03-29', 'REDIVA 19210DEVOTO EXPRE', NULL, '0.00', '38.75', '89314.90', '32976.70', '19086.99', '-147002.64', '184253.85', 4, 12, '2019-05-16 22:01:43', 1),
(207, 1, '2019-03-29', 'REDIVA 19210GARUM', NULL, '0.00', '15.05', '89329.95', '32976.70', '19086.99', '-147002.64', '184268.90', 4, 12, '2019-05-16 22:01:43', 1),
(208, 1, '2019-03-29', 'COMPRA DEVOTO EXPRE  ', NULL, '1182.00', '0.00', '88147.95', '32976.70', '19086.99', '-148184.64', '184268.90', 3, 7, '2019-05-16 22:01:47', 1),
(209, 1, '2019-03-29', 'COMPRA GARUM  ', NULL, '204.00', '0.00', '87943.95', '32976.70', '19086.99', '-148388.64', '184268.90', 3, 18, '2019-05-16 22:02:14', 1),
(210, 1, '2019-03-29', 'Cierre Común', NULL, '-148388.64', '0.00', '236332.59', '32976.70', '19086.99', '-148388.64', '332657.54', 4, 48, '2019-05-16 22:17:06', 1),
(211, 1, '2019-03-29', 'Cierre Común', NULL, '0.00', '-148388.64', '87943.95', '32976.70', '19086.99', '-296777.28', '332657.54', 3, 47, '2019-05-16 22:17:08', 1),
(212, 1, '2019-03-29', 'Cierre Común 2 (Bien hecho)', NULL, '296777.28', '0.00', '-208833.33', '32976.70', '19086.99', '-296777.28', '35880.26', 4, 48, '2019-05-16 22:17:31', 1),
(213, 1, '2019-03-29', 'Cierre Común 2 (Bien hecho)', NULL, '0.00', '296777.28', '87943.95', '32976.70', '19086.99', '0.00', '35880.26', 3, 47, '2019-05-16 22:17:14', 1),
(214, 1, '2019-03-29', 'Mesada', NULL, '20000.00', '0.00', '67943.95', '32976.70', '19086.99', '0.00', '15880.26', 4, 49, '2019-05-16 22:17:17', 1),
(215, 1, '2019-03-29', 'Mesada', NULL, '0.00', '20000.00', '87943.95', '52976.70', '19086.99', '0.00', '15880.26', 1, 50, '2019-05-16 22:17:20', 1),
(216, 1, '2019-03-29', 'Mesada', NULL, '20000.00', '0.00', '67943.95', '52976.70', '19086.99', '0.00', '-4119.74', 4, 49, '2019-05-16 22:17:23', 1),
(217, 1, '2019-03-29', 'Mesada', NULL, '0.00', '20000.00', '87943.95', '52976.70', '39086.99', '0.00', '-4119.74', 2, 51, '2019-05-16 22:17:26', 1),
(218, 1, '2019-04-01', 'COMPRA SUPERMANANTI  ', NULL, '502.00', '0.00', '87441.95', '52976.70', '39086.99', '-502.00', '-4119.74', 3, 7, '2019-05-16 22:21:22', 1),
(219, 1, '2019-04-01', 'COMPRA TIENDA INGLE  ', NULL, '1693.00', '0.00', '85748.95', '52976.70', '39086.99', '-2195.00', '-4119.74', 3, 7, '2019-05-16 22:21:25', 1),
(220, 1, '2019-04-01', 'REDIVA 19210SUPERMANANTI', NULL, '0.00', '16.45', '85765.40', '52976.70', '39086.99', '-2195.00', '-4103.29', 4, 12, '2019-05-16 22:21:25', 1),
(221, 1, '2019-04-01', 'REDIVA 19210TIENDA INGLE', NULL, '0.00', '56.88', '85822.28', '52976.70', '39086.99', '-2195.00', '-4046.41', 4, 12, '2019-05-16 22:21:25', 1),
(222, 1, '2019-04-02', 'REDIVA 19210VETERINARIA', NULL, '0.00', '27.21', '85849.49', '52976.70', '39086.99', '-2195.00', '-4019.20', 4, 12, '2019-05-16 22:21:25', 1),
(223, 1, '2019-04-02', 'REDIVA 19210MOSCA', NULL, '0.00', '34.14', '85883.63', '52976.70', '39086.99', '-2195.00', '-3985.06', 4, 12, '2019-05-16 22:21:25', 1),
(224, 1, '2019-04-02', 'COMPRA VETERINARIA  ', NULL, '830.00', '0.00', '85053.63', '52976.70', '39086.99', '-3025.00', '-3985.06', 3, 4, '2019-05-16 22:21:25', 1),
(225, 1, '2019-04-02', 'COMPRA MOSCA  ', NULL, '1041.00', '0.00', '84012.63', '52976.70', '38045.99', '-3025.00', '-3985.06', 2, 39, '2019-05-16 22:21:37', 1),
(226, 1, '2019-04-03', 'REDIVA 19210ANTEL 262900', NULL, '0.00', '24.54', '84037.17', '52976.70', '38045.99', '-3025.00', '-3960.52', 4, 12, '2019-05-16 22:21:37', 1),
(227, 1, '2019-04-03', 'PAGO FACTURAANTEL 262900', NULL, '1692.00', '0.00', '82345.17', '52976.70', '38045.99', '-4717.00', '-3960.52', 3, 20, '2019-05-16 22:21:37', 1),
(228, 1, '2019-04-03', 'TRASPASO A 8381116ILINK  ', NULL, '340.00', '0.00', '82005.17', '52976.70', '37705.99', '-4717.00', '-3960.52', 2, 6, '2019-05-16 22:22:05', 1),
(229, 1, '2019-04-03', 'REDIVA 19210MC DONALDS', NULL, '0.00', '38.80', '82043.97', '52976.70', '37705.99', '-4717.00', '-3921.72', 4, 12, '2019-05-16 22:22:05', 1),
(230, 1, '2019-04-03', 'COMPRA MC DONALDS  ', NULL, '526.00', '0.00', '81517.97', '52976.70', '37705.99', '-5243.00', '-3921.72', 3, 27, '2019-05-16 22:22:14', 1),
(231, 1, '2019-04-04', 'TRASPASO A 3851304ILINK (Sandra)', NULL, '600.00', '0.00', '80917.97', '52976.70', '37705.99', '-5843.00', '-3921.72', 3, 11, '2019-05-16 22:22:14', 1),
(232, 1, '2019-04-04', 'TRASPASO A 6951000ILINK  ', NULL, '16068.00', '0.00', '64849.97', '52976.70', '37705.99', '-5843.00', '-19989.72', 4, 31, '2019-05-16 22:24:14', 1),
(233, 1, '2019-04-04', 'COMPRA Ministe LINK Pasaporte Aurora', NULL, '3290.83', '0.00', '61559.14', '52976.70', '37705.99', '-9133.83', '-19989.72', 3, 5, '2019-05-16 22:24:59', 1),
(234, 1, '2019-04-04', 'TRASPASO A 6439482ILINK  Pantuflas', NULL, '3600.00', '0.00', '57959.14', '52976.70', '37705.99', '-12733.83', '-19989.72', 3, 43, '2019-05-16 22:25:21', 1),
(235, 1, '2019-04-04', 'DEB. VARIOS PAGO B.P.S.', NULL, '510.00', '0.00', '57449.14', '52976.70', '37705.99', '-12733.83', '-20499.72', 4, 10, '2019-05-16 22:25:27', 1),
(236, 1, '2019-04-04', 'TRASPASO A 3851304ILINK (Sandra)', NULL, '120.00', '0.00', '57329.14', '52976.70', '37705.99', '-12853.83', '-20499.72', 3, 11, '2019-05-16 22:25:27', 1),
(237, 1, '2019-04-04', 'REDIVA 19210DEVOTO EXPRE', NULL, '0.00', '7.97', '57337.11', '52976.70', '37705.99', '-12853.83', '-20491.75', 4, 12, '2019-05-16 22:25:27', 1),
(238, 1, '2019-04-04', 'COMPRA DEVOTO EXPRE  ', NULL, '243.00', '0.00', '57094.11', '52976.70', '37705.99', '-13096.83', '-20491.75', 3, 7, '2019-05-16 22:25:30', 1),
(239, 1, '2019-04-05', 'TRASPASO A 3851304ILINK (Sandra)', NULL, '10000.00', '0.00', '47094.11', '52976.70', '37705.99', '-23096.83', '-20491.75', 3, 11, '2019-05-16 22:25:30', 1),
(240, 1, '2019-04-05', 'COMPRA ASHOT SHAWAR  ', NULL, '345.00', '0.00', '46749.11', '52976.70', '37360.99', '-23096.83', '-20491.75', 2, 6, '2019-05-16 22:25:36', 1),
(241, 1, '2019-04-05', 'REDIVA 19210ASHOT SHAWAR', NULL, '0.00', '11.31', '46760.42', '52976.70', '37360.99', '-23096.83', '-20480.44', 4, 12, '2019-05-16 22:25:36', 1),
(242, 1, '2019-04-08', 'REDIVA 19210TATA', NULL, '0.00', '2.69', '46763.11', '52976.70', '37360.99', '-23096.83', '-20477.75', 4, 12, '2019-05-16 22:25:36', 1),
(243, 1, '2019-04-08', 'COMPRA TATA  ', NULL, '74.00', '0.00', '46689.11', '52976.70', '37360.99', '-23170.83', '-20477.75', 3, 7, '2019-05-16 22:25:40', 1),
(244, 1, '2019-04-08', 'REDIVA 19210MC DONALDS', NULL, '0.00', '19.84', '46708.95', '52976.70', '37360.99', '-23170.83', '-20457.91', 4, 12, '2019-05-16 22:25:40', 1),
(245, 1, '2019-04-08', 'COMPRA MC DONALDS  ', NULL, '269.00', '0.00', '46439.95', '52976.70', '37091.99', '-23170.83', '-20457.91', 2, 6, '2019-05-16 22:25:44', 1),
(246, 1, '2019-04-09', 'TRASPASO A 5752369ILINK  ', NULL, '1944.00', '0.00', '44495.95', '52976.70', '37091.99', '-25114.83', '-20457.91', 3, 8, '2019-05-16 22:26:56', 1),
(247, 1, '2019-04-10', 'REDIVA 19210DEVOTO EXPRE', NULL, '0.00', '15.25', '44511.20', '52976.70', '37091.99', '-25114.83', '-20442.66', 4, 12, '2019-05-16 22:26:56', 1),
(248, 1, '2019-04-10', 'COMPRA DEVOTO EXPRE  ', NULL, '567.00', '0.00', '43944.20', '52976.70', '37091.99', '-25681.83', '-20442.66', 3, 7, '2019-05-16 22:27:00', 1),
(249, 1, '2019-04-11', 'DEP 24 HORAS 009336959', NULL, '0.00', '50469.94', '94414.14', '52976.70', '37091.99', '-25681.83', '30027.28', 4, 23, '2019-05-16 22:27:04', 1),
(250, 1, '2019-04-11', 'TRASPASO A 3855715ILINK  ', NULL, '1054.00', '0.00', '93360.14', '52976.70', '37091.99', '-26735.83', '30027.28', 3, 11, '2019-05-16 22:27:26', 1),
(251, 1, '2019-04-15', 'COMPRA FARMASHOP  ', NULL, '3018.50', '0.00', '90341.64', '52976.70', '37091.99', '-29754.33', '30027.28', 3, 14, '2019-05-16 22:27:30', 1),
(252, 1, '2019-04-15', 'REDIVA 19210FARMASHOP', NULL, '0.00', '102.52', '90444.16', '52976.70', '37091.99', '-29754.33', '30129.80', 4, 12, '2019-05-16 22:27:30', 1),
(253, 1, '2019-04-15', 'TRASPASO A 3851304ILINK (Sandra)', NULL, '2351.00', '0.00', '88093.16', '52976.70', '37091.99', '-32105.33', '30129.80', 3, 11, '2019-05-16 22:27:30', 1),
(254, 1, '2019-04-16', 'REDIVA 19210DEVOTO SUPER', NULL, '0.00', '96.53', '88189.69', '52976.70', '37091.99', '-32105.33', '30226.33', 4, 12, '2019-05-16 22:27:30', 1),
(255, 1, '2019-04-16', 'REDIVA 19210MC DONALDS', NULL, '0.00', '27.15', '88216.84', '52976.70', '37091.99', '-32105.33', '30253.48', 4, 12, '2019-05-16 22:27:30', 1),
(256, 1, '2019-04-16', 'COMPRA DEVOTO SUPER  ', NULL, '2902.70', '0.00', '85314.14', '52976.70', '37091.99', '-35008.03', '30253.48', 3, 7, '2019-05-16 22:27:35', 1),
(257, 1, '2019-04-16', 'COMPRA MC DONALDS  ', NULL, '368.00', '0.00', '84946.14', '52976.70', '36723.99', '-35008.03', '30253.48', 2, 6, '2019-05-16 22:27:39', 1),
(258, 1, '2019-04-16', 'DEB. VARIOS VISA', NULL, '69142.90', '0.00', '15803.24', '52976.70', '36723.99', '-35008.03', '-38889.42', 4, 15, '2019-05-16 22:27:39', 1),
(259, 1, '2019-04-17', 'REDIVA 19210UTE 795716', NULL, '0.00', '71.51', '15874.75', '52976.70', '36723.99', '-35008.03', '-38817.91', 4, 12, '2019-05-16 22:27:39', 1),
(260, 1, '2019-04-17', 'PAGO FACTURAUTE 795716', NULL, '4702.00', '0.00', '11172.75', '52976.70', '36723.99', '-39710.03', '-38817.91', 3, 20, '2019-05-16 22:27:39', 1),
(261, 1, '2019-04-17', 'REDIVA 19210DEVOTO EXPRE', NULL, '0.00', '31.11', '11203.86', '52976.70', '36723.99', '-39710.03', '-38786.80', 4, 12, '2019-05-16 22:27:39', 1),
(262, 1, '2019-04-17', 'COMPRA DEVOTO EXPRE  ', NULL, '948.94', '0.00', '10254.92', '52976.70', '36723.99', '-40658.97', '-38786.80', 3, 7, '2019-05-16 22:27:43', 1),
(263, 1, '2019-04-23', 'COMPRA CANTON CHINO  ', NULL, '690.00', '0.00', '9564.92', '52976.70', '36723.99', '-41348.97', '-38786.80', 3, 27, '2019-05-16 22:27:48', 1),
(264, 1, '2019-04-23', 'COMPRA y hair styli  ', NULL, '420.00', '0.00', '9144.92', '52976.70', '36723.99', '-41768.97', '-38786.80', 3, 5, '2019-05-16 22:27:55', 1),
(265, 1, '2019-04-23', 'REDIVA 19210CANTON CHINO', NULL, '0.00', '50.90', '9195.82', '52976.70', '36723.99', '-41768.97', '-38735.90', 4, 12, '2019-05-16 22:27:55', 1),
(266, 1, '2019-04-23', 'REDIVA 19210y hair styli', NULL, '0.00', '13.77', '9209.59', '52976.70', '36723.99', '-41768.97', '-38722.13', 4, 12, '2019-05-16 22:27:55', 1),
(267, 1, '2019-04-24', 'COMPRA PARKING AERO  ', NULL, '80.00', '0.00', '9129.59', '52976.70', '36723.99', '-41848.97', '-38722.13', 3, 18, '2019-05-16 22:28:00', 1),
(268, 1, '2019-04-25', 'TRASPASO DE 8320010ILINK  ', NULL, '0.00', '150000.00', '159129.59', '52976.70', '36723.99', '-41848.97', '111277.87', 4, 25, '2019-05-16 22:28:05', 1),
(269, 1, '2019-04-25', 'TRASPASO A 41109 ILINK (British Schools)', NULL, '33900.00', '0.00', '125229.59', '52976.70', '36723.99', '-75748.97', '111277.87', 3, 8, '2019-05-16 22:28:05', 1),
(270, 1, '2019-04-25', 'TRASPASO A 0157412ILINK  ', NULL, '518.50', '0.00', '124711.09', '52976.70', '36205.49', '-75748.97', '111277.87', 2, 22, '2019-05-16 22:28:25', 1),
(271, 1, '2019-04-25', 'COMPRA ANCAP JIGAMA  ', NULL, '3082.00', '0.00', '121629.09', '52976.70', '33123.49', '-75748.97', '111277.87', 2, 16, '2019-05-16 22:28:32', 1),
(272, 1, '2019-04-25', 'COMPRA MC DONALDS  ', NULL, '269.00', '0.00', '121360.09', '52976.70', '32854.49', '-75748.97', '111277.87', 2, 6, '2019-05-16 22:28:37', 1),
(273, 1, '2019-04-25', 'REDIVA 19210MC DONALDS', NULL, '0.00', '19.84', '121379.93', '52976.70', '32854.49', '-75748.97', '111297.71', 4, 12, '2019-05-16 22:28:37', 1),
(274, 1, '2019-04-25', 'PAGO FACTURAIMMT05085591', NULL, '384.00', '0.00', '120995.93', '52976.70', '32854.49', '-76132.97', '111297.71', 3, 20, '2019-05-16 22:28:37', 1),
(275, 1, '2019-04-25', 'PAGO FACTURABPS', NULL, '9167.00', '0.00', '111828.93', '52976.70', '32854.49', '-76132.97', '102130.71', 4, 10, '2019-05-16 22:28:37', 1),
(276, 1, '2019-04-26', 'REDIVA 19210MVGAS 138601', NULL, '0.00', '29.33', '111858.26', '52976.70', '32854.49', '-76132.97', '102160.04', 4, 12, '2019-05-16 22:28:37', 1),
(277, 1, '2019-04-26', 'PAGO FACTURAMVGAS 138601', NULL, '1835.00', '0.00', '110023.26', '52976.70', '32854.49', '-77967.97', '102160.04', 3, 20, '2019-05-16 22:28:37', 1),
(278, 1, '2019-04-26', 'REDIVA 19210DEVOTO EXPRE', NULL, '0.00', '7.80', '110031.06', '52976.70', '32854.49', '-77967.97', '102167.84', 4, 12, '2019-05-16 22:28:37', 1),
(279, 1, '2019-04-26', 'COMPRA DEVOTO EXPRE  ', NULL, '238.00', '0.00', '109793.06', '52976.70', '32854.49', '-78205.97', '102167.84', 3, 7, '2019-05-16 22:28:40', 1),
(280, 1, '2019-04-26', 'RETIRO BRED 3736', NULL, '5000.00', '0.00', '104793.06', '52976.70', '27854.49', '-78205.97', '102167.84', 2, 36, '2019-05-16 22:28:47', 1),
(281, 1, '2019-04-30', 'TRASPASO A 3855715ILINK  ', NULL, '7308.00', '0.00', '97485.06', '52976.70', '27854.49', '-85513.97', '102167.84', 3, 11, '2019-05-16 22:29:09', 1),
(282, 1, '2019-04-30', 'TRASPASO A 3851304ILINK (Sandra)', NULL, '20688.00', '0.00', '76797.06', '52976.70', '27854.49', '-106201.97', '102167.84', 3, 11, '2019-05-16 22:29:09', 1),
(283, 1, '2019-04-30', 'REDIVA 19210KINKO', NULL, '0.00', '5.93', '76802.99', '52976.70', '27854.49', '-106201.97', '102173.77', 4, 12, '2019-05-16 22:29:09', 1),
(284, 1, '2019-04-30', 'COMPRA KINKO  ', NULL, '181.00', '0.00', '76621.99', '52976.70', '27854.49', '-106382.97', '102173.77', 3, 7, '2019-05-16 22:29:34', 1),
(285, 1, '2019-04-30', 'Cierre Común', NULL, '106382.97', '0.00', '-29760.98', '52976.70', '27854.49', '-106382.97', '-4209.20', 4, 48, '2019-05-16 22:34:11', 1),
(286, 1, '2019-04-30', 'Cierre Común', NULL, '0.00', '106382.97', '76621.99', '52976.70', '27854.49', '0.00', '-4209.20', 3, 47, '2019-05-16 22:34:28', 1),
(287, 1, '2019-04-30', 'Mesada', NULL, '20000.00', '0.00', '56621.99', '52976.70', '27854.49', '0.00', '-24209.20', 4, 49, '2019-05-16 22:34:25', 1),
(288, 1, '2019-04-30', 'Mesada', NULL, '0.00', '20000.00', '76621.99', '72976.70', '27854.49', '0.00', '-24209.20', 1, 50, '2019-05-16 22:34:16', 1),
(289, 1, '2019-04-30', 'Mesada', NULL, '20000.00', '0.00', '56621.99', '72976.70', '27854.49', '0.00', '-44209.20', 4, 49, '2019-05-16 22:34:19', 1),
(290, 1, '2019-04-30', 'Mesada', NULL, '0.00', '20000.00', '76621.99', '72976.70', '47854.49', '0.00', '-44209.20', 2, 51, '2019-05-16 22:34:21', 1),
(291, 1, '2019-05-02', 'REDIVA 19210ANTEL 262900', NULL, '0.00', '24.22', '76646.21', '72976.70', '47854.49', '0.00', '-44184.98', 4, 12, '2019-05-16 22:35:43', 1),
(292, 1, '2019-05-02', 'PAGO FACTURAANTEL 262900', NULL, '1673.00', '0.00', '74973.21', '72976.70', '47854.49', '-1673.00', '-44184.98', 3, 20, '2019-05-16 22:35:43', 1),
(293, 1, '2019-05-02', 'TRASPASO A 7954 ILINK (Popurrí)', NULL, '10790.00', '0.00', '64183.21', '72976.70', '47854.49', '-12463.00', '-44184.98', 3, 8, '2019-05-16 22:35:43', 1),
(294, 1, '2019-05-03', 'REDIVA 19210GCG FOOD', NULL, '0.00', '10.55', '64193.76', '72976.70', '47854.49', '-12463.00', '-44174.43', 4, 12, '2019-05-16 22:35:43', 1),
(295, 1, '2019-05-03', 'COMPRA GCG FOOD  ', NULL, '143.00', '0.00', '64050.76', '72976.70', '47854.49', '-12606.00', '-44174.43', 3, 27, '2019-05-16 22:37:44', 1),
(296, 1, '2019-05-03', 'REDIVA 19210MC DONALDS', NULL, '0.00', '67.43', '64118.19', '72976.70', '47854.49', '-12606.00', '-44107.00', 4, 12, '2019-05-16 22:37:44', 1),
(297, 1, '2019-05-03', 'COMPRA MC DONALDS  ', NULL, '914.00', '0.00', '63204.19', '72976.70', '47854.49', '-13520.00', '-44107.00', 3, 27, '2019-05-16 22:37:48', 1),
(298, 1, '2019-05-06', 'REDIVA 19210TIENDA INGLE', NULL, '0.00', '32.87', '63237.06', '72976.70', '47854.49', '-13520.00', '-44074.13', 4, 12, '2019-05-16 22:37:48', 1),
(299, 1, '2019-05-06', 'COMPRA TIENDA INGLE  ', NULL, '1040.00', '0.00', '62197.06', '72976.70', '47854.49', '-14560.00', '-44074.13', 3, 7, '2019-05-16 22:37:51', 1),
(300, 1, '2019-05-06', 'REDIVA 19210ASHOT SHAWAR', NULL, '0.00', '9.18', '62206.24', '72976.70', '47854.49', '-14560.00', '-44064.95', 4, 12, '2019-05-16 22:37:51', 1),
(301, 1, '2019-05-06', 'REDIVA 19210KINKO', NULL, '0.00', '12.66', '62218.90', '72976.70', '47854.49', '-14560.00', '-44052.29', 4, 12, '2019-05-16 22:37:51', 1),
(302, 1, '2019-05-06', 'COMPRA ASHOT SHAWAR  ', NULL, '280.00', '0.00', '61938.90', '72976.70', '47574.49', '-14560.00', '-44052.29', 2, 6, '2019-05-16 22:38:00', 1);
INSERT INTO `movimientos_cuentas` (`id`, `cuentaId`, `fecha`, `concepto`, `txt_otros`, `debito`, `credito`, `saldo`, `saldo_cta1`, `saldo_cta2`, `saldo_cta3`, `saldo_cta4`, `persona_id`, `rubro_id`, `fecha_auto`, `status`) VALUES
(303, 1, '2019-05-06', 'COMPRA KINKO  ', NULL, '386.00', '0.00', '61552.90', '72976.70', '47574.49', '-14946.00', '-44052.29', 3, 7, '2019-05-16 22:38:03', 1),
(304, 1, '2019-05-06', 'RETIRO BRED 3736', NULL, '7000.00', '0.00', '54552.90', '72976.70', '40574.49', '-14946.00', '-44052.29', 2, 36, '2019-05-16 22:38:11', 1),
(305, 1, '2019-05-06', 'RETIRO BRED 3736', NULL, '3500.00', '0.00', '51052.90', '69476.70', '40574.49', '-14946.00', '-44052.29', 1, 52, '2019-05-16 22:38:55', 1),
(306, 1, '2019-05-07', 'REDIVA 19210GCG FOOD', NULL, '0.00', '10.77', '51063.67', '69476.70', '40574.49', '-14946.00', '-44041.52', 4, 12, '2019-05-16 22:38:55', 1),
(307, 1, '2019-05-07', 'COMPRA GCG FOOD  ', NULL, '146.00', '0.00', '50917.67', '69476.70', '40574.49', '-15092.00', '-44041.52', 3, 27, '2019-05-16 22:40:05', 1),
(308, 1, '2019-05-07', 'COMPRA GCG FOOD  ', NULL, '1000.00', '0.00', '49917.67', '69476.70', '40574.49', '-16092.00', '-44041.52', 3, 8, '2019-05-16 22:40:25', 1),
(309, 1, '2019-05-08', 'COMPRA Candy Bar  ', NULL, '1045.00', '0.00', '48872.67', '69476.70', '39529.49', '-16092.00', '-44041.52', 2, 6, '2019-05-16 22:40:37', 1),
(310, 1, '2019-05-08', 'REDIVA 19210Candy Bar', NULL, '0.00', '70.08', '48942.75', '69476.70', '39529.49', '-16092.00', '-43971.44', 4, 12, '2019-05-16 22:40:37', 1),
(311, 1, '2019-05-09', 'REDIVA 19210FOTOESTUDIO', NULL, '0.00', '9.51', '48952.26', '69476.70', '39529.49', '-16092.00', '-43961.93', 4, 12, '2019-05-16 22:40:37', 1),
(312, 1, '2019-05-09', 'REDIVA 19210VETERINARIA', NULL, '0.00', '23.93', '48976.19', '69476.70', '39529.49', '-16092.00', '-43938.00', 4, 12, '2019-05-16 22:40:37', 1),
(313, 1, '2019-05-09', 'COMPRA FOTOESTUDIO  ', NULL, '290.00', '0.00', '48686.19', '69476.70', '39529.49', '-16382.00', '-43938.00', 3, 5, '2019-05-16 22:40:48', 1),
(314, 1, '2019-05-09', 'COMPRA VETERINARIA  ', NULL, '730.00', '0.00', '47956.19', '69476.70', '39529.49', '-17112.00', '-43938.00', 3, 4, '2019-05-16 22:40:52', 1),
(315, 1, '2019-05-09', 'REDIVA 19210MOSCA', NULL, '0.00', '20.80', '47976.99', '69476.70', '39529.49', '-17112.00', '-43917.20', 4, 12, '2019-05-16 22:40:52', 1),
(316, 1, '2019-05-09', 'COMPRA MOSCA  ', NULL, '635.00', '0.00', '47341.99', '69476.70', '38894.49', '-17112.00', '-43917.20', 2, 39, '2019-05-16 22:41:00', 1),
(317, 1, '2019-05-10', 'COMPRA Candy Bar  ', NULL, '574.00', '0.00', '46767.99', '69476.70', '38320.49', '-17112.00', '-43917.20', 2, 6, '2019-05-16 22:41:11', 1),
(318, 1, '2019-05-10', 'REDIVA 19210Candy Bar', NULL, '0.00', '38.51', '46806.50', '69476.70', '38320.49', '-17112.00', '-43878.69', 4, 12, '2019-05-16 22:41:11', 1),
(319, 1, '2019-05-13', 'REDIVA 19210MC DONALDS', NULL, '0.00', '12.39', '46818.89', '69476.70', '38320.49', '-17112.00', '-43866.30', 4, 12, '2019-05-16 22:41:11', 1),
(320, 1, '2019-05-13', 'COMPRA MC DONALDS  ', NULL, '168.00', '0.00', '46650.89', '69476.70', '38152.49', '-17112.00', '-43866.30', 2, 6, '2019-05-16 22:41:15', 1),
(321, 1, '2019-05-13', 'DEP 24 HORAS 009505424', NULL, '0.00', '53563.52', '100214.41', '69476.70', '38152.49', '-17112.00', '9697.22', 4, 23, '2019-05-16 22:41:20', 1),
(322, 1, '2019-05-14', 'DEB. VARIOS VISA', NULL, '95146.29', '0.00', '5068.12', '69476.70', '38152.49', '-17112.00', '-85449.07', 4, 15, '2019-05-16 22:41:20', 1),
(323, 1, '2019-05-15', 'REDIVA 19210UTE 795716', NULL, '0.00', '115.63', '5183.75', '69476.70', '38152.49', '-17112.00', '-85333.44', 4, 12, '2019-05-16 22:41:20', 1),
(324, 1, '2019-05-15', 'PAGO FACTURAUTE 795716', NULL, '7382.00', '0.00', '-2198.25', '69476.70', '38152.49', '-24494.00', '-85333.44', 3, 20, '2019-05-16 22:41:20', 1),
(325, 1, '2019-05-15', 'TRASPASO DE 8529099', NULL, '0.00', '3600.00', '1401.75', '69476.70', '38152.49', '-24494.00', '-81733.44', 4, 25, '2019-05-16 22:43:14', 1),
(326, 1, '2019-05-16', 'TRASPASO DE 8320010ILINK  ', NULL, '0.00', '150000.00', '151401.75', '69476.70', '38152.49', '-24494.00', '68266.56', 4, 25, '2019-05-16 22:43:17', 1),
(327, 3, '2019-01-23', 'DEB. VARIOS VISA-ILINK', NULL, '40000.00', '0.00', '2970.51', '0.00', '0.00', '0.00', '2970.51', 4, 15, '2019-05-16 22:48:05', 1),
(328, 3, '2019-01-23', 'TRASPASO DE 3249071MTPAY  ', NULL, '0.00', '371847.26', '374817.77', '0.00', '0.00', '0.00', '374817.77', 4, 28, '2019-05-16 22:50:13', 1),
(329, 3, '2019-01-31', 'TRASPASO A 9561750ILINK  ', NULL, '150000.00', '0.00', '224817.77', '0.00', '0.00', '0.00', '224817.77', 4, 25, '2019-05-16 22:50:24', 1),
(330, 3, '2019-02-07', 'TRASPASO A 9561750ILINK  ', NULL, '60000.00', '0.00', '164817.77', '0.00', '0.00', '0.00', '164817.77', 4, 25, '2019-05-16 22:51:31', 1),
(331, 3, '2019-02-13', 'TRASPASO DE 3249071MTPAY  ', NULL, '0.00', '312775.80', '477593.57', '0.00', '0.00', '0.00', '477593.57', 4, 28, '2019-05-16 22:51:37', 1),
(332, 3, '2019-02-25', 'TRASPASO A 9561750ILINK  ', NULL, '150000.00', '0.00', '327593.57', '0.00', '0.00', '0.00', '327593.57', 4, 25, '2019-05-16 22:51:42', 1),
(333, 3, '2019-03-18', 'TRASPASO DE 3249071MTPAY  ', NULL, '0.00', '312775.80', '640369.37', '0.00', '0.00', '0.00', '640369.37', 4, 28, '2019-05-16 22:51:46', 1),
(334, 3, '2019-03-18', 'CHEQUE 60452437', NULL, '440000.00', '0.00', '200369.37', '0.00', '0.00', '0.00', '200369.37', 4, 25, '2019-05-16 22:51:55', 1),
(335, 3, '2019-03-25', 'TRASPASO A 9561750ILINK', NULL, '100000.00', '0.00', '100369.37', '0.00', '0.00', '0.00', '100369.37', 4, 25, '2019-05-16 22:52:00', 1),
(336, 3, '2019-04-12', 'TRASPASO DE 3249071MTPAY  ', NULL, '0.00', '312775.80', '413145.17', '0.00', '0.00', '0.00', '413145.17', 4, 28, '2019-05-16 22:52:05', 1),
(337, 3, '2019-04-12', 'CHEQUE 60452438', NULL, '200000.00', '0.00', '213145.17', '0.00', '0.00', '0.00', '213145.17', 4, 25, '2019-05-16 22:52:12', 1),
(338, 3, '2019-04-25', 'TRASPASO A 9561750ILINK  ', NULL, '150000.00', '0.00', '63145.17', '0.00', '0.00', '0.00', '63145.17', 4, 25, '2019-05-16 22:52:16', 1),
(339, 3, '2019-04-25', 'TRASPASO A 9568469ILINK  ', NULL, '20000.00', '0.00', '43145.17', '0.00', '0.00', '0.00', '43145.17', 4, 25, '2019-05-16 22:53:01', 1),
(340, 3, '2019-04-29', 'DEB. VARIOS VISA-ILINK', NULL, '40000.00', '0.00', '3145.17', '0.00', '0.00', '0.00', '3145.17', 4, 15, '2019-05-16 22:53:01', 1),
(341, 3, '2019-05-10', 'TRASPASO A 3490052ILINK  ', NULL, '1050.00', '0.00', '2095.17', '0.00', '-1050.00', '0.00', '3145.17', 2, 22, '2019-05-16 22:54:04', 1),
(342, 3, '2019-05-16', 'TRASPASO DE 3249071MTPAY  ', NULL, '0.00', '312775.80', '314870.97', '0.00', '-1050.00', '0.00', '315920.97', 4, 28, '2019-05-16 22:54:17', 1),
(343, 3, '2019-05-16', 'TRASPASO A 9568469ILINK  ', NULL, '50000.00', '0.00', '264870.97', '0.00', '-1050.00', '0.00', '265920.97', 4, 25, '2019-05-16 22:54:35', 1),
(344, 3, '2019-05-16', 'TRASPASO A 9561750ILINK  ', NULL, '150000.00', '0.00', '114870.97', '0.00', '-1050.00', '0.00', '115920.97', 4, 25, '2019-05-16 22:54:38', 1),
(345, 6, '2019-01-08', 'GASTOS COMUNES ACSA', NULL, '4451.00', '0.00', '-87909.66', '0.00', '0.00', '0.00', '-87909.66', 4, 24, '2019-05-16 23:06:07', 1),
(346, 6, '2019-01-08', 'GASTOS COMUNES ACSA', NULL, '445.00', '0.00', '-88354.66', '0.00', '0.00', '0.00', '-88354.66', 4, 24, '2019-05-16 23:06:11', 1),
(347, 6, '2019-01-11', 'Reintegro - Tasa General IM 11 - 12/2018', NULL, '0.00', '948.00', '-87406.66', '0.00', '0.00', '0.00', '-87406.66', 4, 24, '2019-05-16 23:06:15', 1),
(348, 6, '2019-01-11', 'Reintegro - Gastos comunes 12/18', NULL, '0.00', '4451.00', '-82955.66', '0.00', '0.00', '0.00', '-82955.66', 4, 24, '2019-05-16 23:06:19', 1),
(349, 6, '2019-01-11', 'Renta Alquiler Mes 12/2018', NULL, '0.00', '23770.39', '-59185.27', '0.00', '0.00', '0.00', '-59185.27', 4, 24, '2019-05-16 23:06:22', 1),
(350, 6, '2019-01-11', 'Comision Alquiler', NULL, '2.38', '0.00', '-59187.65', '0.00', '0.00', '0.00', '-59187.65', 4, 24, '2019-05-16 23:06:26', 1),
(351, 6, '2019-01-11', 'IVA - Comision Alquiler', NULL, '0.52', '0.00', '-59188.17', '0.00', '0.00', '0.00', '-59188.17', 4, 24, '2019-05-16 23:06:29', 1),
(352, 6, '2019-01-11', 'IRPF retenido por ACSA', NULL, '1497.53', '0.00', '-60685.70', '0.00', '0.00', '0.00', '-60685.70', 4, 24, '2019-05-16 23:06:34', 1),
(353, 6, '2019-01-16', 'Retiro por caja PAGO BPS JMCAMPOMAR', NULL, '7022.00', '0.00', '-67707.70', '0.00', '0.00', '0.00', '-67707.70', 4, 10, '2019-05-16 23:06:40', 1),
(354, 6, '2019-01-16', 'Retiro por caja CH 933911 PAGO DGI', NULL, '68884.00', '0.00', '-136591.70', '0.00', '0.00', '0.00', '-136591.70', 4, 17, '2019-05-16 23:07:01', 1),
(355, 6, '2019-01-22', 'Retiro por caja RETIRO EFECTIVO CLUB Y OTROS', NULL, '8600.00', '0.00', '-145191.70', '0.00', '-8600.00', '0.00', '-136591.70', 2, 41, '2019-05-16 23:07:08', 1),
(356, 6, '2019-02-06', 'GASTOS COMUNES ACSA', NULL, '4451.00', '0.00', '-149642.70', '0.00', '-8600.00', '0.00', '-141042.70', 4, 24, '2019-05-16 23:07:19', 1),
(357, 6, '2019-02-06', 'GASTOS COMUNES ACSA', NULL, '445.00', '0.00', '-150087.70', '0.00', '-8600.00', '0.00', '-141487.70', 4, 24, '2019-05-16 23:07:22', 1),
(358, 6, '2019-02-07', 'Tasa General IM 01 - 02/2019', NULL, '956.00', '0.00', '-151043.70', '0.00', '-8600.00', '0.00', '-142443.70', 4, 24, '2019-05-16 23:07:24', 1),
(359, 6, '2019-02-11', 'Retiro por caja CH 155777 PAGO DGI', NULL, '87303.00', '0.00', '-238346.70', '0.00', '-8600.00', '0.00', '-229746.70', 4, 17, '2019-05-16 23:07:29', 1),
(360, 6, '2019-02-11', 'Retiro por caja PAGO BPS', NULL, '8899.00', '0.00', '-247245.70', '0.00', '-8600.00', '0.00', '-238645.70', 4, 10, '2019-05-16 23:07:41', 1),
(361, 6, '2019-02-12', 'Reintegro - Gastos comunes 01/19', NULL, '0.00', '4451.00', '-242794.70', '0.00', '-8600.00', '0.00', '-234194.70', 4, 24, '2019-05-16 23:07:46', 1),
(362, 6, '2019-02-12', 'Renta Alquiler Mes 01/2019', NULL, '0.00', '23770.39', '-219024.31', '0.00', '-8600.00', '0.00', '-210424.31', 4, 24, '2019-05-16 23:07:49', 1),
(363, 6, '2019-02-12', 'Remision', NULL, '2700.00', '0.00', '-221724.31', '0.00', '-8600.00', '0.00', '-213124.31', 4, 24, '2019-05-16 23:07:52', 1),
(364, 6, '2019-02-12', 'Comision Alquiler', NULL, '2.38', '0.00', '-221726.69', '0.00', '-8600.00', '0.00', '-213126.69', 4, 24, '2019-05-16 23:07:55', 1),
(365, 6, '2019-02-12', 'IVA - Comision Alquiler', NULL, '0.52', '0.00', '-221727.21', '0.00', '-8600.00', '0.00', '-213127.21', 4, 24, '2019-05-16 23:07:58', 1),
(366, 6, '2019-02-12', 'IRPF retenido por ACSA', NULL, '1497.53', '0.00', '-223224.74', '0.00', '-8600.00', '0.00', '-214624.74', 4, 24, '2019-05-16 23:08:00', 1),
(367, 6, '2019-02-14', 'Retiro por caja TRANSFERENCIA ENERO URIARTE', NULL, '21772.00', '0.00', '-244996.74', '0.00', '-8600.00', '0.00', '-236396.74', 4, 23, '2019-05-16 23:08:15', 1),
(368, 6, '2019-03-11', 'Retiro por caja RETIRO EFECTIVO', NULL, '10000.00', '0.00', '-254996.74', '0.00', '-18600.00', '0.00', '-236396.74', 2, 22, '2019-05-16 23:08:28', 1),
(369, 6, '2019-03-12', 'Reintegro - Gastos comunes 02/19', NULL, '0.00', '4451.00', '-250545.74', '0.00', '-18600.00', '0.00', '-231945.74', 4, 24, '2019-05-16 23:08:32', 1),
(370, 6, '2019-03-12', 'Reintegro - Tasa General IM 01 - 02/2019', NULL, '0.00', '956.00', '-249589.74', '0.00', '-18600.00', '0.00', '-230989.74', 4, 24, '2019-05-16 23:08:35', 1),
(371, 6, '2019-03-12', 'Renta Alquiler Mes 02/2019', NULL, '0.00', '23770.39', '-225819.35', '0.00', '-18600.00', '0.00', '-207219.35', 4, 24, '2019-05-16 23:08:38', 1),
(372, 6, '2019-03-12', 'Comision Alquiler', NULL, '2.38', '0.00', '-225821.73', '0.00', '-18600.00', '0.00', '-207221.73', 4, 24, '2019-05-16 23:09:04', 1),
(373, 6, '2019-03-12', 'IVA - Comision Alquiler', NULL, '0.52', '0.00', '-225822.25', '0.00', '-18600.00', '0.00', '-207222.25', 4, 24, '2019-05-16 23:09:07', 1),
(374, 6, '2019-03-12', 'IRPF retenido por ACSA', NULL, '1497.53', '0.00', '-227319.78', '0.00', '-18600.00', '0.00', '-208719.78', 4, 24, '2019-05-16 23:09:15', 1),
(375, 6, '2019-03-12', 'GASTOS COMUNES ACSA', NULL, '445.00', '0.00', '-227764.78', '0.00', '-18600.00', '0.00', '-209164.78', 4, 24, '2019-05-16 23:09:18', 1),
(376, 6, '2019-03-12', 'GASTOS COMUNES ACSA', NULL, '4451.00', '0.00', '-232215.78', '0.00', '-18600.00', '0.00', '-213615.78', 4, 24, '2019-05-16 23:09:21', 1),
(377, 6, '2019-03-15', 'Retiro por caja PAGO BPS', NULL, '7485.00', '0.00', '-239700.78', '0.00', '-18600.00', '0.00', '-221100.78', 4, 10, '2019-05-16 23:09:29', 1),
(378, 6, '2019-03-18', 'DEP A CUENTA', NULL, '0.00', '440000.00', '200299.22', '0.00', '-18600.00', '0.00', '218899.22', 4, 25, '2019-05-16 23:09:43', 1),
(379, 6, '2019-03-19', 'Contribucion IM - Cuota 01', NULL, '5345.00', '0.00', '194954.22', '0.00', '-18600.00', '0.00', '213554.22', 4, 24, '2019-05-16 23:09:47', 1),
(380, 6, '2019-03-19', 'Retiro por caja CH 155891 PAGO DGI', NULL, '73434.00', '0.00', '121520.22', '0.00', '-18600.00', '0.00', '140120.22', 4, 17, '2019-05-16 23:09:52', 1),
(381, 6, '2019-03-19', 'TRANSFERENCIA DE PESOS A DOLARES', NULL, '121520.22', '0.00', '0.00', '0.00', '-18600.00', '0.00', '18600.00', 4, 53, '2019-05-16 23:12:16', 1),
(382, 6, '2019-04-04', 'GASTOS COMUNES ACSA', NULL, '4451.00', '0.00', '-4451.00', '0.00', '-18600.00', '0.00', '14149.00', 4, 24, '2019-05-16 23:12:21', 1),
(383, 6, '2019-04-04', 'GASTOS COMUNES ACSA', NULL, '445.00', '0.00', '-4896.00', '0.00', '-18600.00', '0.00', '13704.00', 4, 24, '2019-05-16 23:12:24', 1),
(384, 6, '2019-04-08', 'Tasa General IM 03 - 04/2019', NULL, '956.00', '0.00', '-5852.00', '0.00', '-18600.00', '0.00', '12748.00', 4, 24, '2019-05-16 23:12:27', 1),
(385, 6, '2019-04-09', 'Retiro por caja PAGO PARTIDAS NACIMIENTO', NULL, '276.00', '0.00', '-6128.00', '0.00', '-18600.00', '-276.00', '12748.00', 3, 5, '2019-05-16 23:12:46', 1),
(386, 6, '2019-04-12', 'Reintegro - Gastos comunes 03/19', NULL, '0.00', '4451.00', '-1677.00', '0.00', '-18600.00', '-276.00', '17199.00', 4, 24, '2019-05-16 23:12:57', 1),
(387, 6, '2019-04-12', 'Renta Alquiler Mes 03/2019', NULL, '0.00', '23770.39', '22093.39', '0.00', '-18600.00', '-276.00', '40969.39', 4, 24, '2019-05-16 23:13:00', 1),
(388, 6, '2019-04-12', 'Comision Alquiler', NULL, '2.38', '0.00', '22091.01', '0.00', '-18600.00', '-276.00', '40967.01', 4, 24, '2019-05-16 23:13:23', 1),
(389, 6, '2019-04-12', 'IVA - Comision Alquiler', NULL, '0.52', '0.00', '22090.49', '0.00', '-18600.00', '-276.00', '40966.49', 4, 24, '2019-05-16 23:13:26', 1),
(390, 6, '2019-04-12', 'IRPF retenido por ACSA', NULL, '1497.53', '0.00', '20592.96', '0.00', '-18600.00', '-276.00', '39468.96', 4, 24, '2019-05-16 23:13:30', 1),
(391, 6, '2019-04-12', 'Retiro por caja CH 578412 PAGO DGI', NULL, '73433.00', '0.00', '-52840.04', '0.00', '-18600.00', '-276.00', '-33964.04', 4, 17, '2019-05-16 23:13:34', 1),
(392, 6, '2019-04-12', 'DEP CHEQUE A CUENTA', NULL, '0.00', '200000.00', '147159.96', '0.00', '-18600.00', '-276.00', '166035.96', 4, 25, '2019-05-16 23:13:40', 1),
(393, 6, '2019-04-12', 'Retiro por caja RETIRO EFECTIVO .', NULL, '5500.00', '0.00', '141659.96', '0.00', '-24100.00', '-276.00', '166035.96', 2, 41, '2019-05-16 23:13:51', 1),
(394, 6, '2019-04-12', 'Retiro por caja PAGO BPS', NULL, '8003.00', '0.00', '133656.96', '0.00', '-24100.00', '-276.00', '158032.96', 4, 10, '2019-05-16 23:13:55', 1),
(395, 6, '2019-04-12', 'transferencia de pesos a dolares', NULL, '267298.35', '0.00', '-133641.39', '0.00', '-24100.00', '-276.00', '-109265.39', 4, 53, '2019-05-16 23:14:30', 1),
(396, 6, '2019-05-08', 'Gastos Comunes ACSA', NULL, '4451.00', '0.00', '-138092.39', '0.00', '-24100.00', '-276.00', '-113716.39', 4, 24, '2019-05-16 23:14:35', 1),
(397, 6, '2019-05-08', 'Gastos Comunes ACSA', NULL, '445.00', '0.00', '-138537.39', '0.00', '-24100.00', '-276.00', '-114161.39', 4, 24, '2019-05-16 23:14:38', 1),
(398, 6, '2019-05-13', 'Impuesto de Primaria 2019 - 1/3', NULL, '1714.00', '0.00', '-140251.39', '0.00', '-24100.00', '-276.00', '-115875.39', 4, 24, '2019-05-16 23:14:43', 1),
(399, 6, '2019-05-14', 'Reintegro - Gastos comunes 04/19', NULL, '0.00', '4451.00', '-135800.39', '0.00', '-24100.00', '-276.00', '-111424.39', 4, 24, '2019-05-16 23:14:47', 1),
(400, 6, '2019-05-14', 'Reintegro - Tasa General IM 03 - 04/2019', NULL, '0.00', '956.00', '-134844.39', '0.00', '-24100.00', '-276.00', '-110468.39', 4, 24, '2019-05-16 23:14:50', 1),
(401, 6, '2019-05-14', 'Renta Alquiler Mes 04/2019', NULL, '0.00', '23770.39', '-111074.00', '0.00', '-24100.00', '-276.00', '-86698.00', 4, 24, '2019-05-16 23:14:54', 1),
(402, 6, '2019-05-14', 'Comision Alquiler', NULL, '2.38', '0.00', '-111076.38', '0.00', '-24100.00', '-276.00', '-86700.38', 4, 24, '2019-05-16 23:14:57', 1),
(403, 6, '2019-05-14', 'IVA - Comision Alquiler', NULL, '0.52', '0.00', '-111076.90', '0.00', '-24100.00', '-276.00', '-86700.90', 4, 24, '2019-05-16 23:15:02', 1),
(404, 6, '2019-05-14', 'IRPF retenido por ACSA', NULL, '1497.53', '0.00', '-112574.43', '0.00', '-24100.00', '-276.00', '-88198.43', 4, 24, '2019-05-16 23:15:05', 1),
(405, 6, '2019-05-15', 'Retiro por caja PAGO CUCHILLO', NULL, '150.00', '0.00', '-112724.43', '0.00', '-24100.00', '-426.00', '-88198.43', 3, 9, '2019-05-16 23:15:13', 1),
(406, 2, '2019-01-07', 'TRASPASO DE 1066870MTPAY  ', NULL, '0.00', '138.00', '46280.18', '0.00', '0.00', '0.00', '46280.18', 4, 23, '2019-05-17 00:05:09', 1),
(407, 2, '2019-01-07', 'TRASPASO DE 1066870MTPAY  ', NULL, '0.00', '762.00', '47042.18', '0.00', '0.00', '0.00', '47042.18', 4, 23, '2019-05-17 00:05:16', 1),
(408, 2, '2019-01-15', 'DEB. VARIOS VISA', NULL, '47.78', '0.00', '46994.40', '0.00', '0.00', '0.00', '46994.40', 4, 15, '2019-05-17 00:05:16', 1),
(409, 2, '2019-01-15', 'DEBITO BANKING CARD', NULL, '20.00', '0.00', '46974.40', '0.00', '0.00', '0.00', '46974.40', 4, 30, '2019-05-17 00:05:28', 1),
(410, 2, '2019-01-15', 'DEBITO BANKING CARD', NULL, '20.00', '0.00', '46954.40', '0.00', '0.00', '0.00', '46954.40', 4, 30, '2019-05-17 00:05:32', 1),
(411, 2, '2019-01-15', 'DEBITO BANKING CARD', NULL, '12.00', '0.00', '46942.40', '0.00', '0.00', '0.00', '46942.40', 4, 30, '2019-05-17 00:06:10', 1),
(412, 2, '2019-01-17', 'DEP 24 HORAS 008697659', NULL, '0.00', '550.00', '47492.40', '0.00', '0.00', '550.00', '46942.40', 3, 29, '2019-05-23 13:05:04', 1),
(413, 2, '2019-01-23', 'DEB. VARIOS VISA-ILINK', NULL, '250.00', '0.00', '47242.40', '0.00', '0.00', '550.00', '46692.40', 4, 15, '2019-05-23 13:05:04', 1),
(414, 2, '2019-01-23', 'TRASPASO A 8415356ILINK  ', NULL, '938.68', '0.00', '46303.72', '0.00', '0.00', '-388.68', '46692.40', 3, 29, '2019-05-23 13:05:04', 1),
(415, 2, '2019-01-31', 'RETIRO BRED 3736', NULL, '300.00', '0.00', '46003.72', '0.00', '-300.00', '-388.68', '46692.40', 2, 36, '2019-05-23 13:05:04', 1),
(416, 2, '2019-01-31', 'CREDITO INTERESES', NULL, '0.00', '0.94', '46004.66', '0.00', '-300.00', '-388.68', '46693.34', 4, 30, '2019-05-23 13:05:04', 1),
(417, 2, '2019-01-31', 'RETENCION IRPF', NULL, '0.11', '0.00', '46004.55', '0.00', '-300.00', '-388.68', '46693.23', 4, 30, '2019-05-23 13:05:04', 1),
(418, 2, '2019-02-01', 'DEB. VARIOS VISA-ILINK', NULL, '2000.00', '0.00', '44004.55', '0.00', '-300.00', '-388.68', '44693.23', 4, 15, '2019-05-23 13:05:04', 1),
(419, 2, '2019-02-14', 'DEB. VARIOS VISA', NULL, '1018.58', '0.00', '42985.97', '0.00', '-300.00', '-388.68', '43674.65', 4, 15, '2019-05-23 13:05:04', 1),
(420, 2, '2019-02-15', 'DEP 24 HORAS 008884870', NULL, '0.00', '551.00', '43536.97', '0.00', '-300.00', '162.32', '43674.65', 3, 29, '2019-05-23 13:05:18', 1),
(421, 2, '2019-02-15', 'DEBITO BANKING CARD', NULL, '20.00', '0.00', '43516.97', '0.00', '-300.00', '162.32', '43654.65', 4, 30, '2019-05-23 13:05:18', 1),
(422, 2, '2019-02-15', 'DEBITO BANKING CARD', NULL, '20.00', '0.00', '43496.97', '0.00', '-300.00', '162.32', '43634.65', 4, 30, '2019-05-23 13:05:18', 1),
(423, 2, '2019-02-15', 'DEBITO BANKING CARD', NULL, '12.00', '0.00', '43484.97', '0.00', '-300.00', '162.32', '43622.65', 4, 30, '2019-05-23 13:05:18', 1),
(424, 2, '2019-02-25', 'TRASPASO A 8415356ILINK  ', NULL, '1079.35', '0.00', '42405.62', '0.00', '-300.00', '-917.03', '43622.65', 3, 29, '2019-05-23 13:05:18', 1),
(425, 2, '2019-02-25', 'TRASPASO A 8415356ILINK  ', NULL, '886.53', '0.00', '41519.09', '0.00', '-300.00', '-1803.56', '43622.65', 3, 29, '2019-05-23 13:05:18', 1),
(426, 2, '2019-02-28', 'CREDITO INTERESES', NULL, '0.00', '0.72', '41519.81', '0.00', '-300.00', '-1803.56', '43623.37', 4, 30, '2019-05-23 13:05:18', 1),
(427, 2, '2019-02-28', 'RETENCION IRPF', NULL, '0.09', '0.00', '41519.72', '0.00', '-300.00', '-1803.56', '43623.28', 4, 30, '2019-05-23 13:05:18', 1),
(428, 2, '2019-03-01', 'RETIRO 1617276', NULL, '2040.00', '0.00', '39479.72', '0.00', '-300.00', '-3843.56', '43623.28', 3, 33, '2019-05-23 13:05:18', 1),
(429, 2, '2019-03-01', 'RETIRO BRED 3736', NULL, '500.00', '0.00', '38979.72', '0.00', '-300.00', '-4343.56', '43623.28', 3, 33, '2019-05-23 13:05:18', 1),
(430, 2, '2019-03-12', 'DEP 24 HORAS 009025228', NULL, '0.00', '1630.35', '40610.07', '0.00', '-300.00', '-2713.21', '43623.28', 3, 29, '2019-05-23 13:05:34', 1),
(431, 2, '2019-03-14', 'DEB. VARIOS VISA', NULL, '2559.71', '0.00', '38050.36', '0.00', '-300.00', '-2713.21', '41063.57', 4, 15, '2019-05-23 13:05:34', 1),
(432, 2, '2019-03-15', 'DEBITO BANKING CARD', NULL, '20.00', '0.00', '38030.36', '0.00', '-300.00', '-2713.21', '41043.57', 4, 30, '2019-05-23 13:05:34', 1),
(433, 2, '2019-03-15', 'DEBITO BANKING CARD', NULL, '20.00', '0.00', '38010.36', '0.00', '-300.00', '-2713.21', '41023.57', 4, 30, '2019-05-23 13:05:34', 1),
(434, 2, '2019-03-15', 'DEBITO BANKING CARD', NULL, '12.00', '0.00', '37998.36', '0.00', '-300.00', '-2713.21', '41011.57', 4, 30, '2019-05-23 13:05:34', 1),
(435, 2, '2019-03-18', 'DEB. CAMBIOSST....355152 A Ledesma', NULL, '1500.00', '0.00', '36498.36', '0.00', '-300.00', '-2713.21', '39511.57', 4, 38, '2019-05-23 13:05:34', 1),
(436, 2, '2019-03-21', 'DEP 24 HORAS 009200285 Devolución Cepillo', NULL, '0.00', '3800.00', '40298.36', '0.00', '-300.00', '-2713.21', '43311.57', 4, 38, '2019-05-23 13:05:34', 1),
(437, 2, '2019-03-22', 'TRASPASO A 8415356ILINK  ', NULL, '1144.12', '0.00', '39154.24', '0.00', '-300.00', '-3857.33', '43311.57', 3, 29, '2019-05-23 13:05:34', 1),
(438, 2, '2019-03-22', 'TRASPASO A 8028598ILINK  Sillones Tela', NULL, '816.00', '0.00', '38338.24', '0.00', '-300.00', '-4673.33', '43311.57', 3, 9, '2019-05-23 13:05:34', 1),
(439, 2, '2019-03-29', 'CREDITO INTERESES', NULL, '0.00', '0.58', '38338.82', '0.00', '-300.00', '-4673.33', '43312.15', 4, 30, '2019-05-23 13:05:34', 1),
(440, 2, '2019-03-29', 'RETENCION IRPF', NULL, '0.07', '0.00', '38338.75', '0.00', '-300.00', '-4673.33', '43312.08', 4, 30, '2019-05-23 13:05:34', 1),
(441, 2, '2019-04-05', 'DEP 24 HORAS 009292475', NULL, '0.00', '826.50', '39165.25', '0.00', '-300.00', '-4673.33', '44138.58', 4, 23, '2019-05-23 13:05:34', 1),
(442, 2, '2019-04-12', 'TRASPASO A 8648487ILINK  ', NULL, '500.00', '0.00', '38665.25', '0.00', '-300.00', '-5173.33', '44138.58', 3, 43, '2019-05-23 13:05:34', 1),
(443, 2, '2019-04-15', 'DEBITO BANKING CARD', NULL, '20.00', '0.00', '38645.25', '0.00', '-300.00', '-5173.33', '44118.58', 4, 30, '2019-05-23 13:05:34', 1),
(444, 2, '2019-04-15', 'DEBITO BANKING CARD', NULL, '20.00', '0.00', '38625.25', '0.00', '-300.00', '-5173.33', '44098.58', 4, 30, '2019-05-23 13:05:34', 1),
(445, 2, '2019-04-15', 'DEBITO BANKING CARD', NULL, '12.00', '0.00', '38613.25', '0.00', '-300.00', '-5173.33', '44086.58', 4, 30, '2019-05-23 13:05:34', 1),
(446, 2, '2019-04-16', 'DEB. VARIOS VISA', NULL, '283.50', '0.00', '38329.75', '0.00', '-300.00', '-5173.33', '43803.08', 4, 15, '2019-05-23 13:05:34', 1),
(447, 2, '2019-04-23', 'TRASPASO DE 8648487ILINK  ', NULL, '0.00', '352.00', '38681.75', '0.00', '-300.00', '-4821.33', '43803.08', 3, 43, '2019-05-23 13:05:34', 1),
(448, 2, '2019-04-24', 'TRASPASO A 8415356ILINK  ', NULL, '1144.12', '0.00', '37537.63', '0.00', '-300.00', '-5965.45', '43803.08', 3, 29, '2019-05-23 13:05:34', 1),
(449, 2, '2019-04-26', 'RETIRO 1645403 ANDY', NULL, '5000.00', '0.00', '32537.63', '0.00', '-300.00', '-5965.45', '38803.08', 4, 28, '2019-05-23 13:05:34', 1),
(450, 2, '2019-04-30', 'DEB. CAMBIOSST....652010', NULL, '492.00', '0.00', '32045.63', '0.00', '-792.00', '-5965.45', '38803.08', 2, 54, '2019-05-23 13:05:34', 1),
(451, 2, '2019-04-30', 'DEB. CAMBIOSST....652010', NULL, '1.90', '0.00', '32043.73', '0.00', '-793.90', '-5965.45', '38803.08', 2, 54, '2019-05-23 13:05:34', 1),
(452, 2, '2019-04-30', 'CREDITO INTERESES', NULL, '0.00', '0.52', '32044.25', '0.00', '-793.90', '-5965.45', '38803.60', 4, 30, '2019-05-23 13:05:34', 1),
(453, 2, '2019-04-30', 'RETENCION IRPF', NULL, '0.06', '0.00', '32044.19', '0.00', '-793.90', '-5965.45', '38803.54', 4, 30, '2019-05-23 13:05:34', 1),
(454, 2, '2019-05-02', 'TRASPASO DE 8202966ILINK  ', NULL, '0.00', '50.00', '32094.19', '0.00', '-793.90', '-5965.45', '38853.54', 4, 55, '2019-05-23 13:05:34', 1),
(455, 2, '2019-05-02', 'TRASPASO DE 8202966ILINK  ', NULL, '0.00', '100.00', '32194.19', '0.00', '-793.90', '-5965.45', '38953.54', 4, 55, '2019-05-23 13:05:34', 1),
(456, 2, '2019-05-06', 'DEB. VARIOS VISA-ILINK', NULL, '2000.00', '0.00', '30194.19', '0.00', '-793.90', '-5965.45', '36953.54', 4, 15, '2019-05-23 13:05:34', 1),
(457, 2, '2019-05-07', 'DEP 24 HORAS 009464117', NULL, '0.00', '826.50', '31020.69', '0.00', '-793.90', '-5138.95', '36953.54', 3, 29, '2019-05-23 13:05:48', 1),
(458, 2, '2019-05-15', 'TRASPASO A 9561750', NULL, '104.34', '0.00', '30916.35', '0.00', '-793.90', '-5138.95', '36849.20', 4, 53, '2019-05-23 13:05:48', 1),
(459, 2, '2019-05-15', 'DEBITO BANKING CARD', NULL, '20.00', '0.00', '30896.35', '0.00', '-793.90', '-5138.95', '36829.20', 4, 30, '2019-05-23 13:05:48', 1),
(460, 2, '2019-05-15', 'DEBITO BANKING CARD', NULL, '20.00', '0.00', '30876.35', '0.00', '-793.90', '-5138.95', '36809.20', 4, 30, '2019-05-23 13:05:48', 1),
(461, 2, '2019-05-15', 'DEBITO BANKING CARD', NULL, '12.00', '0.00', '30864.35', '0.00', '-793.90', '-5138.95', '36797.20', 4, 30, '2019-05-23 13:05:48', 1),
(462, 2, '2019-05-16', 'Cierre Común', NULL, '8696.80', '0.00', '22167.55', '0.00', '-793.90', '-5138.95', '28100.40', 4, 48, '2019-05-23 13:05:48', 1),
(463, 2, '2019-05-16', 'Cierre Común', NULL, '0.00', '8696.80', '30864.35', '0.00', '-793.90', '3557.85', '28100.40', 3, 47, '2019-05-23 13:05:48', 1),
(464, 9, '2019-03-01', 'RETIRO BRED 3931', NULL, '500.00', '0.00', '5081.21', '5581.21', '0.00', '-500.00', '0.00', 3, 33, '2019-05-17 01:21:19', 1),
(465, 10, '2019-01-02', 'COMPRA PETROBRAS AQ  ', NULL, '521.00', '0.00', '53239.91', '53760.91', '0.00', '-521.00', '0.00', 3, 33, '2019-05-17 01:24:22', 1),
(466, 10, '2019-01-02', 'REDIVA 19210PETROBRAS AQ', NULL, '0.00', '17.08', '53256.99', '53760.91', '0.00', '-521.00', '17.08', 4, 12, '2019-05-17 01:24:22', 1),
(467, 10, '2019-01-03', 'DEB. CAMBIOSST....842490', NULL, '800.00', '0.00', '52456.99', '52960.91', '0.00', '-521.00', '17.08', 1, 56, '2019-05-17 01:25:21', 1),
(468, 10, '2019-01-08', 'TRASPASO DE 0157412MTPAY  ', NULL, '0.00', '790.00', '53246.99', '53750.91', '0.00', '-521.00', '17.08', 1, 13, '2019-05-17 01:25:56', 1),
(469, 10, '2019-01-08', 'REDIVA 19210TIENDA INGLE', NULL, '0.00', '2.43', '53249.42', '53750.91', '0.00', '-521.00', '19.51', 4, 12, '2019-05-17 01:25:56', 1),
(470, 10, '2019-01-08', 'COMPRA TIENDA INGLE  ', NULL, '74.00', '0.00', '53175.42', '53676.91', '0.00', '-521.00', '19.51', 1, 13, '2019-05-17 01:26:27', 1),
(471, 10, '2019-01-10', 'DEB. CAMBIOSST....899692', NULL, '800.00', '0.00', '52375.42', '52876.91', '0.00', '-521.00', '19.51', 1, 56, '2019-05-17 01:26:36', 1),
(472, 10, '2019-01-11', 'REDIVA 19210DEVOTO EXPRE', NULL, '0.00', '12.66', '52388.08', '52876.91', '0.00', '-521.00', '32.17', 4, 12, '2019-05-17 01:26:36', 1),
(473, 10, '2019-01-11', 'COMPRA DEVOTO EXPRE  ', NULL, '386.00', '0.00', '52002.08', '52490.91', '0.00', '-521.00', '32.17', 1, 1, '2019-05-17 01:26:58', 1),
(474, 10, '2019-01-15', 'DEBITO BANKING CARD', NULL, '600.00', '0.00', '51402.08', '52490.91', '0.00', '-521.00', '-567.83', 4, 30, '2019-05-17 01:27:05', 1),
(475, 10, '2019-01-21', 'REDIVA 19210CELEMYR S.A.', NULL, '0.00', '10.59', '51412.67', '52490.91', '0.00', '-521.00', '-557.24', 4, 12, '2019-05-17 01:27:05', 1),
(476, 10, '2019-01-21', 'REDIVA 19210MINIMERCADO', NULL, '0.00', '6.82', '51419.49', '52490.91', '0.00', '-521.00', '-550.42', 4, 12, '2019-05-17 01:27:05', 1),
(477, 10, '2019-01-21', 'COMPRA CELEMYR S.A.  ', NULL, '323.00', '0.00', '51096.49', '52490.91', '0.00', '-844.00', '-550.42', 3, 33, '2019-05-17 01:27:53', 1),
(478, 10, '2019-01-21', 'COMPRA MINIMERCADO  ', NULL, '208.00', '0.00', '50888.49', '52490.91', '0.00', '-1052.00', '-550.42', 3, 33, '2019-05-17 01:28:02', 1),
(479, 10, '2019-01-22', 'COMPRA DEVOTO EXPRE  ', NULL, '419.20', '0.00', '50469.29', '52071.71', '0.00', '-1052.00', '-550.42', 1, 1, '2019-05-17 01:28:12', 1),
(480, 10, '2019-01-22', 'REDIVA 19210DEVOTO EXPRE', NULL, '0.00', '13.99', '50483.28', '52071.71', '0.00', '-1052.00', '-536.43', 4, 12, '2019-05-17 01:28:12', 1),
(481, 10, '2019-01-28', 'COMPRA ANCAP ZAGREB  ', NULL, '521.00', '0.00', '49962.28', '52071.71', '0.00', '-1573.00', '-536.43', 3, 7, '2019-05-17 01:28:31', 1),
(482, 10, '2019-01-28', 'REDIVA 19210ANCAP ZAGREB', NULL, '0.00', '17.08', '49979.36', '52071.71', '0.00', '-1573.00', '-519.35', 4, 12, '2019-05-17 01:28:31', 1),
(483, 10, '2019-01-30', 'DEB. CAMBIOSST....011191', NULL, '800.00', '0.00', '49179.36', '51271.71', '0.00', '-1573.00', '-519.35', 1, 56, '2019-05-17 01:28:37', 1),
(484, 10, '2019-01-31', 'REDIVA 19210MC DONALDS', NULL, '0.00', '71.93', '49251.29', '51271.71', '0.00', '-1573.00', '-447.42', 4, 12, '2019-05-17 01:28:37', 1),
(485, 10, '2019-01-31', 'COMPRA MC DONALDS  ', NULL, '975.00', '0.00', '48276.29', '51271.71', '0.00', '-2548.00', '-447.42', 3, 27, '2019-05-17 01:28:43', 1),
(486, 10, '2019-01-31', 'COMPRA PARKING AERO  ', NULL, '160.00', '0.00', '48116.29', '51271.71', '0.00', '-2708.00', '-447.42', 3, 33, '2019-05-17 01:28:51', 1),
(487, 10, '2019-02-01', 'REDIVA 19210KINKO', NULL, '0.00', '19.61', '48135.90', '51271.71', '0.00', '-2708.00', '-427.81', 4, 12, '2019-05-17 01:29:21', 1),
(488, 10, '2019-02-01', 'COMPRA KINKO  ', NULL, '598.00', '0.00', '47537.90', '51271.71', '0.00', '-3306.00', '-427.81', 3, 7, '2019-05-17 01:29:56', 1),
(489, 10, '2019-02-05', 'REDIVA 19210KINKO', NULL, '0.00', '13.54', '47551.44', '51271.71', '0.00', '-3306.00', '-414.27', 4, 12, '2019-05-17 01:29:56', 1),
(490, 10, '2019-02-05', 'COMPRA KINKO  ', NULL, '413.00', '0.00', '47138.44', '51271.71', '0.00', '-3719.00', '-414.27', 3, 7, '2019-05-17 01:30:07', 1),
(491, 10, '2019-02-08', 'COMPRA DEVOTO EXPRE  ', NULL, '593.00', '0.00', '46545.44', '51271.71', '0.00', '-4312.00', '-414.27', 3, 7, '2019-05-17 01:30:16', 1),
(492, 10, '2019-02-08', 'REDIVA 19210DEVOTO EXPRE', NULL, '0.00', '19.44', '46564.88', '51271.71', '0.00', '-4312.00', '-394.83', 4, 12, '2019-05-17 01:30:16', 1),
(493, 10, '2019-02-11', 'COMPRA PARKING AERO  ', NULL, '80.00', '0.00', '46484.88', '51271.71', '0.00', '-4392.00', '-394.83', 3, 33, '2019-05-17 01:30:26', 1),
(494, 10, '2019-02-15', 'DEBITO BANKING CARD', NULL, '600.00', '0.00', '45884.88', '51271.71', '0.00', '-4392.00', '-994.83', 4, 30, '2019-05-17 01:30:32', 1),
(495, 10, '2019-02-18', 'COMPRA SUPERMANANTI  ', NULL, '89.00', '0.00', '45795.88', '51271.71', '0.00', '-4481.00', '-994.83', 3, 7, '2019-05-17 01:30:38', 1),
(496, 10, '2019-02-18', 'REDIVA 19210minimercado', NULL, '0.00', '18.33', '45814.21', '51271.71', '0.00', '-4481.00', '-976.50', 4, 12, '2019-05-17 01:30:38', 1),
(497, 10, '2019-02-18', 'REDIVA 19210SUPERMANANTI', NULL, '0.00', '2.92', '45817.13', '51271.71', '0.00', '-4481.00', '-973.58', 4, 12, '2019-05-17 01:30:38', 1),
(498, 10, '2019-02-18', 'COMPRA minimercado  ', NULL, '559.00', '0.00', '45258.13', '51271.71', '0.00', '-5040.00', '-973.58', 3, 7, '2019-05-17 01:30:43', 1),
(499, 10, '2019-02-22', 'REDIVA 19210SUPERMANANTI', NULL, '0.00', '10.49', '45268.62', '51271.71', '0.00', '-5040.00', '-963.09', 4, 12, '2019-05-17 01:30:43', 1),
(500, 10, '2019-02-22', 'COMPRA SUPERMANANTI  ', NULL, '398.00', '0.00', '44870.62', '51271.71', '0.00', '-5438.00', '-963.09', 3, 7, '2019-05-17 01:31:08', 1),
(501, 10, '2019-02-25', 'COMPRA minimercado  ', NULL, '375.00', '0.00', '44495.62', '51271.71', '0.00', '-5813.00', '-963.09', 3, 7, '2019-05-17 01:31:12', 1),
(502, 10, '2019-02-25', 'REDIVA 19210minimercado', NULL, '0.00', '12.30', '44507.92', '51271.71', '0.00', '-5813.00', '-950.79', 4, 12, '2019-05-17 01:31:12', 1),
(503, 10, '2019-03-06', 'REDIVA 19210DEVOTO EXPRE', NULL, '0.00', '6.16', '44514.08', '51271.71', '0.00', '-5813.00', '-944.63', 4, 12, '2019-05-17 01:31:46', 1),
(504, 10, '2019-03-06', 'REDIVA 19210DEVOTO EXPRE', NULL, '0.00', '4.59', '44518.67', '51271.71', '0.00', '-5813.00', '-940.04', 4, 12, '2019-05-17 01:31:46', 1),
(505, 10, '2019-03-06', 'COMPRA DEVOTO EXPRE  ', NULL, '188.00', '0.00', '44330.67', '51271.71', '0.00', '-6001.00', '-940.04', 3, 7, '2019-05-17 01:31:57', 1),
(506, 10, '2019-03-06', 'COMPRA DEVOTO EXPRE  ', NULL, '140.00', '0.00', '44190.67', '51271.71', '0.00', '-6141.00', '-940.04', 3, 7, '2019-05-17 01:32:00', 1),
(507, 10, '2019-03-06', 'COMPRA MC DONALDS  ', NULL, '736.00', '0.00', '43454.67', '51271.71', '0.00', '-6877.00', '-940.04', 3, 27, '2019-05-17 01:32:06', 1),
(508, 10, '2019-03-06', 'REDIVA 19210MC DONALDS', NULL, '0.00', '54.30', '43508.97', '51271.71', '0.00', '-6877.00', '-885.74', 4, 12, '2019-05-17 01:32:06', 1),
(509, 10, '2019-03-11', 'DEB. CAMBIOSST....291292', NULL, '800.00', '0.00', '42708.97', '50471.71', '0.00', '-6877.00', '-885.74', 1, 56, '2019-05-17 01:32:54', 1),
(510, 10, '2019-03-11', 'TRASPASO A 9242794ILINK  Medias', NULL, '7080.00', '0.00', '35628.97', '50471.71', '0.00', '-13957.00', '-885.74', 3, 5, '2019-05-17 01:34:34', 1),
(511, 10, '2019-03-11', 'REDIVA 19210KINKO', NULL, '0.00', '26.75', '35655.72', '50471.71', '0.00', '-13957.00', '-858.99', 4, 12, '2019-05-17 01:34:34', 1),
(512, 10, '2019-03-11', 'COMPRA KINKO  ', NULL, '816.00', '0.00', '34839.72', '50471.71', '0.00', '-14773.00', '-858.99', 3, 7, '2019-05-17 01:34:38', 1),
(513, 10, '2019-03-13', 'DEB. CAMBIOSST....324074', NULL, '800.00', '0.00', '34039.72', '49671.71', '0.00', '-14773.00', '-858.99', 1, 56, '2019-05-17 01:34:44', 1),
(514, 10, '2019-03-14', 'REDIVA 19210DEVOTO EXPRE', NULL, '0.00', '3.93', '34043.65', '49671.71', '0.00', '-14773.00', '-855.06', 4, 12, '2019-05-17 01:34:44', 1),
(515, 10, '2019-03-14', 'COMPRA DEVOTO EXPRE  ', NULL, '120.00', '0.00', '33923.65', '49671.71', '0.00', '-14893.00', '-855.06', 3, 7, '2019-05-17 01:34:47', 1),
(516, 10, '2019-03-15', 'TRASPASO A 6246350ILINK  ', NULL, '1000.00', '0.00', '32923.65', '48671.71', '0.00', '-14893.00', '-855.06', 1, 56, '2019-05-17 01:35:49', 1),
(517, 10, '2019-03-15', 'DEBITO BANKING CARD', NULL, '600.00', '0.00', '32323.65', '48671.71', '0.00', '-14893.00', '-1455.06', 4, 30, '2019-05-17 01:35:54', 1),
(518, 10, '2019-03-18', 'COMPRA ANCAP ZAGREB  ', NULL, '411.00', '0.00', '31912.65', '48671.71', '0.00', '-15304.00', '-1455.06', 3, 33, '2019-05-17 01:36:10', 1),
(519, 10, '2019-03-18', 'REDIVA 19210ANCAP ZAGREB', NULL, '0.00', '13.48', '31926.13', '48671.71', '0.00', '-15304.00', '-1441.58', 4, 12, '2019-05-17 01:36:10', 1),
(520, 10, '2019-03-18', 'COMPRA LA BOTICA DE  ', NULL, '800.00', '0.00', '31126.13', '48671.71', '0.00', '-16104.00', '-1441.58', 3, 14, '2019-05-17 01:36:21', 1),
(521, 10, '2019-03-18', 'REDIVA 19210LA BOTICA DE', NULL, '0.00', '26.23', '31152.36', '48671.71', '0.00', '-16104.00', '-1415.35', 4, 12, '2019-05-17 01:36:21', 1),
(522, 10, '2019-03-19', 'REDIVA 19210FARMACIA COO', NULL, '0.00', '7.25', '31159.61', '48671.71', '0.00', '-16104.00', '-1408.10', 4, 12, '2019-05-17 01:36:21', 1),
(523, 10, '2019-03-19', 'COMPRA FARMACIA COO  ', NULL, '221.00', '0.00', '30938.61', '48671.71', '0.00', '-16325.00', '-1408.10', 3, 14, '2019-05-17 01:36:25', 1),
(524, 10, '2019-03-20', 'DEB. CAMBIOSST....372652', NULL, '800.00', '0.00', '30138.61', '47871.71', '0.00', '-16325.00', '-1408.10', 1, 56, '2019-05-17 01:36:31', 1),
(525, 10, '2019-03-20', 'TRASPASO A 0157412ILINK  ', NULL, '13457.78', '0.00', '16680.83', '34413.93', '0.00', '-16325.00', '-1408.10', 1, 13, '2019-05-17 01:38:08', 1),
(526, 10, '2019-03-22', 'REDIVA 19210DEVOTO EXPRE', NULL, '0.00', '24.56', '16705.39', '34413.93', '0.00', '-16325.00', '-1383.54', 4, 12, '2019-05-17 01:38:08', 1),
(527, 10, '2019-03-22', 'COMPRA DEVOTO EXPRE  ', NULL, '749.00', '0.00', '15956.39', '34413.93', '0.00', '-17074.00', '-1383.54', 3, 7, '2019-05-17 01:38:12', 1),
(528, 10, '2019-03-26', 'RETIRO BRED 3931', NULL, '3500.00', '0.00', '12456.39', '30913.93', '0.00', '-17074.00', '-1383.54', 1, 52, '2019-05-17 01:38:18', 1),
(529, 10, '2019-03-27', 'DEB. CAMBIOSST....414677', NULL, '800.00', '0.00', '11656.39', '30113.93', '0.00', '-17074.00', '-1383.54', 1, 56, '2019-05-17 01:38:22', 1),
(530, 10, '2019-03-27', 'COMPRA SUBWAY  ', NULL, '399.00', '0.00', '11257.39', '29714.93', '0.00', '-17074.00', '-1383.54', 1, 1, '2019-05-17 01:38:27', 1),
(531, 10, '2019-03-27', 'REDIVA 19210SUBWAY', NULL, '0.00', '29.43', '11286.82', '29714.93', '0.00', '-17074.00', '-1354.11', 4, 12, '2019-05-17 01:38:27', 1),
(532, 10, '2019-04-04', 'DEB. CAMBIOSST....479580', NULL, '800.00', '0.00', '10486.82', '28914.93', '0.00', '-17074.00', '-1354.11', 1, 56, '2019-05-17 01:39:25', 1),
(533, 10, '2019-04-08', 'REDIVA 19210DEVOTO EXPRE', NULL, '0.00', '5.44', '10492.26', '28914.93', '0.00', '-17074.00', '-1348.67', 4, 12, '2019-05-17 01:39:25', 1),
(534, 10, '2019-04-08', 'COMPRA DEVOTO EXPRE  ', NULL, '166.00', '0.00', '10326.26', '28914.93', '0.00', '-17240.00', '-1348.67', 3, 7, '2019-05-17 01:39:29', 1),
(535, 10, '2019-04-10', 'DEB. CAMBIOSST....535770', NULL, '800.00', '0.00', '9526.26', '28114.93', '0.00', '-17240.00', '-1348.67', 1, 56, '2019-05-17 01:39:36', 1),
(536, 10, '2019-04-11', 'REDIVA 19210CELEMYR S.A.', NULL, '0.00', '11.34', '9537.60', '28114.93', '0.00', '-17240.00', '-1337.33', 4, 12, '2019-05-17 01:39:36', 1),
(537, 10, '2019-04-11', 'COMPRA CELEMYR S.A.  ', NULL, '346.00', '0.00', '9191.60', '27768.93', '0.00', '-17240.00', '-1337.33', 1, 26, '2019-05-17 01:40:04', 1),
(538, 10, '2019-04-11', 'RETIRO BRED 3931', NULL, '3000.00', '0.00', '6191.60', '24768.93', '0.00', '-17240.00', '-1337.33', 1, 52, '2019-05-17 01:40:08', 1),
(539, 10, '2019-04-12', 'REDIVA 19210SUBWAY', NULL, '0.00', '11.80', '6203.40', '24768.93', '0.00', '-17240.00', '-1325.53', 4, 12, '2019-05-17 01:40:08', 1),
(540, 10, '2019-04-12', 'COMPRA SUBWAY  ', NULL, '160.00', '0.00', '6043.40', '24608.93', '0.00', '-17240.00', '-1325.53', 1, 1, '2019-05-17 01:40:15', 1),
(541, 10, '2019-04-15', 'DEBITO BANKING CARD', NULL, '600.00', '0.00', '5443.40', '24608.93', '0.00', '-17240.00', '-1925.53', 4, 30, '2019-05-17 01:40:19', 1),
(542, 10, '2019-04-17', 'REDIVA 19210DEVOTO EXPRE', NULL, '0.00', '25.66', '5469.06', '24608.93', '0.00', '-17240.00', '-1899.87', 4, 12, '2019-05-17 01:40:19', 1),
(543, 10, '2019-04-17', 'COMPRA DEVOTO EXPRE  ', NULL, '776.82', '0.00', '4692.24', '24608.93', '0.00', '-18016.82', '-1899.87', 3, 7, '2019-05-17 01:40:23', 1),
(544, 10, '2019-04-23', 'REDIVA 19210ESSO BARRAD', NULL, '0.00', '26.89', '4719.13', '24608.93', '0.00', '-18016.82', '-1872.98', 4, 12, '2019-05-17 01:40:23', 1),
(545, 10, '2019-04-23', 'COMPRA MC DONALDS  ', NULL, '904.00', '0.00', '3815.13', '24608.93', '0.00', '-18920.82', '-1872.98', 3, 27, '2019-05-17 01:40:32', 1),
(546, 10, '2019-04-23', 'REDIVA 19210MC DONALDS', NULL, '0.00', '66.69', '3881.82', '24608.93', '0.00', '-18920.82', '-1806.29', 4, 12, '2019-05-17 01:40:32', 1),
(547, 10, '2019-04-23', 'COMPRA ESSO BARRAD  ', NULL, '820.00', '0.00', '3061.82', '24608.93', '0.00', '-19740.82', '-1806.29', 3, 33, '2019-05-17 01:40:48', 1),
(548, 10, '2019-04-24', 'DEB. CAMBIOSST....611842', NULL, '800.00', '0.00', '2261.82', '23808.93', '0.00', '-19740.82', '-1806.29', 1, 56, '2019-05-17 01:40:54', 1),
(549, 10, '2019-04-24', 'REDIVA 19210MC DONALDS', NULL, '0.00', '7.67', '2269.49', '23808.93', '0.00', '-19740.82', '-1798.62', 4, 12, '2019-05-17 01:40:54', 1),
(550, 10, '2019-04-24', 'COMPRA MC DONALDS  ', NULL, '104.00', '0.00', '2165.49', '23704.93', '0.00', '-19740.82', '-1798.62', 1, 1, '2019-05-17 01:41:06', 1),
(551, 10, '2019-04-25', 'TRASPASO DE 8320010ILINK  ', NULL, '0.00', '20000.00', '22165.49', '23704.93', '0.00', '-19740.82', '18201.38', 4, 25, '2019-05-17 01:41:23', 1),
(552, 10, '2019-04-30', 'TRASPASO A 0157412ILINK  ', NULL, '8771.29', '0.00', '13394.20', '14933.64', '0.00', '-19740.82', '18201.38', 1, 13, '2019-05-17 01:41:47', 1),
(553, 10, '2019-05-02', 'DEB. CAMBIOSST....667214', NULL, '800.00', '0.00', '12594.20', '14133.64', '0.00', '-19740.82', '18201.38', 1, 56, '2019-05-17 01:42:35', 1),
(554, 10, '2019-05-02', 'COMPRA Direcci LINK', NULL, '337.35', '0.00', '12256.85', '14133.64', '0.00', '-20078.17', '18201.38', 3, 5, '2019-05-17 01:43:24', 1),
(555, 10, '2019-05-03', 'TRASPASO A 0157412ILINK  ', NULL, '10214.80', '0.00', '2042.05', '3918.84', '0.00', '-20078.17', '18201.38', 1, 13, '2019-05-17 01:43:36', 1),
(556, 10, '2019-05-03', 'REDIVA 19210panaderia de', NULL, '0.00', '13.38', '2055.43', '3918.84', '0.00', '-20078.17', '18214.76', 4, 12, '2019-05-17 01:43:36', 1),
(557, 10, '2019-05-03', 'COMPRA panaderia de  ', NULL, '408.00', '0.00', '1647.43', '3918.84', '0.00', '-20486.17', '18214.76', 3, 27, '2019-05-17 01:43:49', 1),
(558, 10, '2019-05-08', 'DEB. CAMBIOSST....727536', NULL, '800.00', '0.00', '847.43', '3118.84', '0.00', '-20486.17', '18214.76', 1, 56, '2019-05-17 01:43:54', 1),
(559, 10, '2019-05-10', 'TRASPASO A 5367279ILINK  ', NULL, '142.00', '0.00', '705.43', '2976.84', '0.00', '-20486.17', '18214.76', 1, 1, '2019-05-17 01:44:03', 1),
(560, 10, '2019-05-15', 'DEBITO BANKING CARD', NULL, '600.00', '0.00', '105.43', '2976.84', '0.00', '-20486.17', '17614.76', 4, 30, '2019-05-17 01:44:07', 1),
(561, 10, '2019-05-16', 'TRASPASO DE 8320010ILINK  ', NULL, '0.00', '50000.00', '50105.43', '2976.84', '0.00', '-20486.17', '67614.76', 4, 25, '2019-05-17 01:44:15', 1),
(562, 11, '2019-03-15', 'Retiro por caja DEBITO DARTHON INCORPORATED 14/12', NULL, '20.25', '0.00', '-12106.65', '0.00', '0.00', '0.00', '-12106.65', 4, 55, '2019-05-17 03:30:24', 1),
(563, 11, '2019-03-15', 'Retiro por caja DEBITO DARTHON INCORPORATED 31/12', NULL, '20.25', '0.00', '-12126.90', '0.00', '0.00', '0.00', '-12126.90', 4, 55, '2019-05-17 03:30:31', 1),
(564, 11, '2019-03-15', 'Retiro por caja DEBITO DARTHON INCORPORATED 06/2', NULL, '20.25', '0.00', '-12147.15', '0.00', '0.00', '0.00', '-12147.15', 4, 55, '2019-05-17 03:30:40', 1),
(565, 11, '2019-03-15', 'Retiro por caja DEBITO DARTHON INCORPORATED 28/02', NULL, '20.25', '0.00', '-12167.40', '0.00', '0.00', '0.00', '-12167.40', 4, 55, '2019-05-17 03:30:45', 1),
(566, 11, '2019-03-19', 'TRANSFERENCIA DE PESOS A DOLARES', NULL, '0.00', '3635.17', '-8532.23', '0.00', '0.00', '0.00', '-8532.23', 4, 53, '2019-05-17 03:30:58', 1),
(567, 11, '2019-04-12', 'DEP A CUENTA', NULL, '0.00', '700.00', '-7832.23', '0.00', '0.00', '700.00', '-8532.23', 3, 18, '2019-05-17 03:31:21', 1),
(568, 11, '2019-04-12', 'transferencia de pesos a dolares', NULL, '0.00', '7832.23', '0.00', '0.00', '0.00', '700.00', '-700.00', 4, 53, '2019-05-17 03:31:28', 1),
(569, 11, '2019-04-12', 'Retiro por caja RETIRO EN EFECTIVO Balas 44.40', NULL, '200.00', '0.00', '-200.00', '0.00', '-200.00', '700.00', '-700.00', 2, 22, '2019-05-17 03:31:56', 1),
(570, 4, '2019-01-01', 'Primer movimiento de la cuenta.', NULL, '1.00', '0.00', '14263.02', '0.00', '0.00', '0.00', '14263.02', 4, 48, '2019-05-17 12:41:23', 1),
(571, 4, '2019-01-01', 'Primer movimiento de la cuenta.', NULL, '0.00', '1.00', '14264.02', '0.00', '0.00', '1.00', '14263.02', 3, 47, '2019-05-17 12:41:15', 1),
(572, 8, '2019-01-15', 'AMZN Mktp US*MB9NO6G', '...16351040', '32.08', '0.00', '-32.08', '0.00', '-32.08', '0.00', '0.00', 2, 21, '2019-05-17 19:33:23', 1),
(573, 8, '2019-01-15', 'AMZN Mktp US*MB2OV0Z', '...16351040', '39.29', '0.00', '-71.37', '0.00', '-32.08', '-39.29', '0.00', 3, 5, '2019-05-17 19:33:23', 1),
(574, 8, '2019-01-16', 'APL* ITUNES.COM/BILL', '...16351040', '13.47', '0.00', '-84.84', '-13.47', '-32.08', '-39.29', '0.00', 1, 44, '2019-05-17 19:33:28', 1),
(575, 7, '2019-01-17', 'TIENDA INGLESA', '...16351040', '10997.00', '0.00', '-10997.00', '0.00', '0.00', '-10997.00', '0.00', 3, 7, '2019-05-17 19:14:00', 1),
(576, 8, '2019-01-17', 'AMZN Mktp US*MB08F5X', '...16351040', '31.68', '0.00', '-116.52', '-13.47', '-63.76', '-39.29', '0.00', 2, 21, '2019-05-17 19:33:34', 1),
(577, 7, '2019-01-18', 'SUCIVE PATENTE MONTE', '...16351040', '52611.00', '0.00', '-63608.00', '0.00', '0.00', '-63608.00', '0.00', 3, 20, '2019-05-17 19:14:03', 1),
(578, 7, '2019-01-18', 'SUCIVE PATENTE MONTE', '...16351040', '19012.00', '0.00', '-82620.00', '0.00', '0.00', '-82620.00', '0.00', 3, 20, '2019-05-17 19:14:07', 1),
(579, 7, '2019-01-18', 'TIENDA INGLESA', '...16351040', '2552.00', '0.00', '-85172.00', '0.00', '0.00', '-85172.00', '0.00', 3, 7, '2019-05-17 19:14:10', 1),
(580, 7, '2019-01-18', 'DIRECTV- SUSCRIPCION', '...16351073', '3217.00', '0.00', '-88389.00', '0.00', '0.00', '-88389.00', '0.00', 3, 20, '2019-05-17 19:14:18', 1),
(581, 7, '2019-01-19', 'ANCAP CELEMYR', '...16351040', '2500.00', '0.00', '-90889.00', '-2500.00', '0.00', '-88389.00', '0.00', 1, 26, '2019-05-17 19:14:36', 1),
(582, 8, '2019-01-22', 'NETFLIX.COM', '...16351040', '11.39', '0.00', '-127.91', '-13.47', '-63.76', '-50.68', '0.00', 3, 20, '2019-05-17 19:33:40', 1),
(583, 8, '2019-01-23', 'RECIBO DE PAGO', '...', '0.00', '250.00', '122.09', '-13.47', '-63.76', '-50.68', '250.00', 4, 15, '2019-05-17 19:33:46', 1),
(584, 7, '2019-01-23', 'RECIBO DE PAGO', '...', '0.00', '40000.00', '-50889.00', '-2500.00', '0.00', '-88389.00', '40000.00', 4, 15, '2019-05-17 19:16:01', 1),
(585, 8, '2019-01-23', 'ENVIA MI COMPRA', '...16351073', '95.16', '0.00', '26.93', '-13.47', '-158.92', '-50.68', '250.00', 2, 21, '2019-05-17 19:33:52', 1),
(586, 7, '2019-01-23', 'FabricaUrugua', '...16351073', '296.01', '0.00', '-51185.01', '-2500.00', '-296.01', '-88389.00', '40000.00', 2, 22, '2019-05-17 19:16:12', 1),
(587, 7, '2019-01-23', 'FARMASHOP', '...16351040', '2176.00', '0.00', '-53361.01', '-2500.00', '-296.01', '-90565.00', '40000.00', 3, 14, '2019-05-17 19:16:15', 1),
(588, 7, '2019-01-23', 'DEVOTO SUPERMERCADO', '...16351040', '520.69', '0.00', '-53881.70', '-2500.00', '-296.01', '-91085.69', '40000.00', 3, 7, '2019-05-17 19:16:20', 1),
(589, 8, '2019-01-24', 'DRI*ADOBE SALES', '...16351073', '2.54', '0.00', '24.39', '-13.47', '-161.46', '-50.68', '250.00', 2, 45, '2019-05-17 19:33:59', 1),
(590, 7, '2019-01-24', 'CLINICA M.P.', '...16351040', '4458.00', '0.00', '-58339.70', '-2500.00', '-296.01', '-95543.69', '40000.00', 3, 5, '2019-05-17 19:16:39', 1),
(591, 7, '2019-01-25', 'MERCADOLIBRE', '...16351073', '2200.00', '0.00', '-60539.70', '-2500.00', '-296.01', '-97743.69', '40000.00', 3, 9, '2019-05-17 19:18:31', 1),
(592, 7, '2019-01-25', 'TIENDA INGLESA', '...16351040', '355.00', '0.00', '-60894.70', '-2500.00', '-296.01', '-98098.69', '40000.00', 3, 7, '2019-05-17 19:18:39', 1),
(593, 7, '2019-01-27', 'DEVOTO EXPRESS', '...16351040', '1663.08', '0.00', '-62557.78', '-2500.00', '-296.01', '-99761.77', '40000.00', 3, 7, '2019-05-17 19:18:42', 1),
(594, 7, '2019-01-28', 'ANCAP ZAGREB', '...16351040', '2760.00', '0.00', '-65317.78', '-2500.00', '-296.01', '-102521.77', '40000.00', 3, 33, '2019-05-17 19:19:04', 1),
(595, 8, '2019-01-28', 'AMZN Mktp US*MB5NR25', '...16351073', '109.84', '0.00', '-85.45', '-13.47', '-271.30', '-50.68', '250.00', 2, 21, '2019-05-17 19:36:01', 1),
(596, 8, '2019-01-28', 'AMZN Mktp US*MB8Z05K', '...16351073', '6.72', '0.00', '-92.17', '-13.47', '-278.02', '-50.68', '250.00', 2, 21, '2019-05-17 19:36:04', 1),
(597, 8, '2019-01-28', 'AMZN Mktp US*MB58S52', '...16351073', '103.30', '0.00', '-195.47', '-13.47', '-381.32', '-50.68', '250.00', 2, 21, '2019-05-17 19:36:07', 1),
(598, 8, '2019-01-29', 'AMZN Mktp US*MB7BY07', '...16351073', '286.20', '0.00', '-481.67', '-13.47', '-667.52', '-50.68', '250.00', 2, 21, '2019-05-17 19:36:29', 1),
(599, 7, '2019-01-29', 'ELIDA SWIMWEAR', '...16351040', '1400.00', '0.00', '-66717.78', '-3900.00', '-296.01', '-102521.77', '40000.00', 1, 42, '2019-05-17 19:19:18', 1),
(600, 7, '2019-01-29', 'LOJAS RENNER', '...16351040', '1487.00', '0.00', '-68204.78', '-5387.00', '-296.01', '-102521.77', '40000.00', 1, 42, '2019-05-17 19:20:07', 1),
(601, 8, '2019-01-29', 'Amazon.com*MB0375KE0', '...16351073', '7.19', '0.00', '-488.86', '-13.47', '-674.71', '-50.68', '250.00', 2, 21, '2019-05-17 19:36:34', 1),
(602, 7, '2019-01-30', 'VEO VEO JUGUETES', '...16351040', '2269.00', '0.00', '-70473.78', '-5387.00', '-296.01', '-104790.77', '40000.00', 3, 43, '2019-05-17 19:20:17', 1),
(603, 7, '2019-01-30', 'PINTURERIAS COLOREX', '...16351073', '410.00', '0.00', '-70883.78', '-5387.00', '-706.01', '-104790.77', '40000.00', 2, 54, '2019-05-17 19:20:33', 1),
(604, 8, '2019-01-31', 'GOOGLE*GOOGLE STORAG', '...16351040', '10.36', '0.00', '-499.22', '-13.47', '-685.07', '-50.68', '250.00', 2, 45, '2019-05-17 19:36:39', 1),
(605, 8, '2019-01-31', 'DUTY FREE SHOP URUGU', '...16351073', '30.60', '0.00', '-529.82', '-13.47', '-715.67', '-50.68', '250.00', 2, 57, '2019-05-17 19:36:50', 1),
(606, 8, '2019-02-01', 'RECIBO DE PAGO', '...', '0.00', '2000.00', '1470.18', '-13.47', '-715.67', '-50.68', '2250.00', 4, 15, '2019-05-17 19:36:55', 1),
(607, 7, '2019-02-01', 'RECIBO DE PAGO', '...', '0.00', '50000.00', '-20883.78', '-5387.00', '-706.01', '-104790.77', '90000.00', 4, 15, '2019-05-17 19:20:37', 1),
(608, 8, '2019-02-01', 'SSV MSO SILVERTHORNE', '...16351073', '444.76', '0.00', '1025.42', '-13.47', '-1160.43', '-50.68', '2250.00', 2, 57, '2019-05-17 19:37:07', 1),
(609, 8, '2019-02-01', 'AMZN Mktp US*MB1JL6U Window Cleaner + Nintendo', '...16351073', '271.52', '0.00', '753.90', '-13.47', '-1160.43', '-322.20', '2250.00', 3, 9, '2019-05-17 19:37:45', 1),
(610, 7, '2019-02-01', 'TIENDA INGLESA', '...16351040', '11717.00', '0.00', '-32600.78', '-5387.00', '-706.01', '-116507.77', '90000.00', 3, 7, '2019-05-17 19:20:40', 1);
INSERT INTO `movimientos_cuentas` (`id`, `cuentaId`, `fecha`, `concepto`, `txt_otros`, `debito`, `credito`, `saldo`, `saldo_cta1`, `saldo_cta2`, `saldo_cta3`, `saldo_cta4`, `persona_id`, `rubro_id`, `fecha_auto`, `status`) VALUES
(611, 8, '2019-02-01', 'Amazon.com*MB7DM2I01', '...16351073', '1224.52', '0.00', '-470.62', '-13.47', '-1160.43', '-1546.72', '2250.00', 3, 43, '2019-05-17 19:38:45', 1),
(612, 8, '2019-02-02', 'GOLD RUSH', '...16351073', '7.26', '0.00', '-477.88', '-13.47', '-1167.69', '-1546.72', '2250.00', 2, 57, '2019-05-17 19:38:53', 1),
(613, 8, '2019-02-02', 'GOLD RUSH', '...16351073', '7.26', '0.00', '-485.14', '-13.47', '-1174.95', '-1546.72', '2250.00', 2, 57, '2019-05-17 19:38:57', 1),
(614, 8, '2019-02-02', 'PIONEER GRILL', '...16351073', '22.38', '0.00', '-507.52', '-13.47', '-1197.33', '-1546.72', '2250.00', 2, 57, '2019-05-17 19:39:00', 1),
(615, 8, '2019-02-03', 'SEGURO DE VIDA SOBRE SALDO M/E', '...', '3.05', '0.00', '-510.57', '-13.47', '-1197.33', '-1546.72', '2246.95', 4, 30, '2019-05-17 19:39:05', 1),
(616, 7, '2019-02-03', 'SEGURO DE VIDA SOBRE SALDO M/N', '...', '157.08', '0.00', '-32757.86', '-5387.00', '-706.01', '-116507.77', '89842.92', 4, 30, '2019-05-17 19:20:45', 1),
(617, 8, '2019-02-03', 'THE GEORGE', '...16351073', '16.07', '0.00', '-526.64', '-13.47', '-1213.40', '-1546.72', '2246.95', 2, 57, '2019-05-17 19:39:10', 1),
(618, 8, '2019-02-03', 'TWO ELK', '...16351073', '21.87', '0.00', '-548.51', '-13.47', '-1235.27', '-1546.72', '2246.95', 2, 57, '2019-05-17 19:39:13', 1),
(619, 8, '2019-02-04', 'AMZN Mktp US*MI79F3C Roomba', '...16351073', '348.55', '0.00', '-897.06', '-13.47', '-1235.27', '-1895.27', '2246.95', 3, 9, '2019-05-17 19:39:54', 1),
(620, 8, '2019-02-04', 'AMZN Mktp US', '...16351073', '0.00', '100.55', '-796.51', '-13.47', '-1134.72', '-1895.27', '2246.95', 2, 21, '2019-05-17 19:40:18', 1),
(621, 8, '2019-02-04', 'AMZN Mktp US*MB7F06Y Sábanas y otros', '...16351073', '88.09', '0.00', '-884.60', '-13.47', '-1134.72', '-1983.36', '2246.95', 3, 9, '2019-05-17 19:40:42', 1),
(622, 8, '2019-02-05', 'TALONS', '...16351073', '24.08', '0.00', '-908.68', '-13.47', '-1158.80', '-1983.36', '2246.95', 2, 57, '2019-05-17 19:40:46', 1),
(623, 8, '2019-02-05', 'WOODWARD COPPER', '...16351073', '18.86', '0.00', '-927.54', '-13.47', '-1177.66', '-1983.36', '2246.95', 2, 57, '2019-05-17 19:40:50', 1),
(624, 8, '2019-02-05', 'WOODWARD COPPER', '...16351073', '0.00', '18.86', '-908.68', '-13.47', '-1158.80', '-1983.36', '2246.95', 2, 57, '2019-05-17 19:40:52', 1),
(625, 7, '2019-02-05', 'TIENDA INGLESA', '...16351040', '4477.00', '0.00', '-37234.86', '-5387.00', '-706.01', '-120984.77', '89842.92', 3, 7, '2019-05-17 19:21:50', 1),
(626, 7, '2019-02-05', 'TELEPEAJE', '...16351073', '100.00', '0.00', '-37334.86', '-5387.00', '-706.01', '-121084.77', '89842.92', 3, 33, '2019-05-17 19:21:56', 1),
(627, 7, '2019-02-05', 'TELEPEAJE', '...16351073', '100.00', '0.00', '-37434.86', '-5387.00', '-706.01', '-121184.77', '89842.92', 3, 33, '2019-05-17 19:21:59', 1),
(628, 7, '2019-02-05', 'TELEPEAJE', '...16351073', '100.00', '0.00', '-37534.86', '-5387.00', '-706.01', '-121284.77', '89842.92', 3, 33, '2019-05-17 19:22:01', 1),
(629, 7, '2019-02-05', 'TELEPEAJE', '...16351073', '100.00', '0.00', '-37634.86', '-5387.00', '-706.01', '-121384.77', '89842.92', 3, 33, '2019-05-17 19:22:03', 1),
(630, 8, '2019-02-05', 'CONOCO - COPPER MTN', '...16351073', '0.18', '0.00', '-908.86', '-13.47', '-1158.98', '-1983.36', '2246.95', 2, 57, '2019-05-17 19:41:02', 1),
(631, 8, '2019-02-05', 'CONOCO - COPPER MTN', '...16351073', '60.75', '0.00', '-969.61', '-13.47', '-1219.73', '-1983.36', '2246.95', 2, 57, '2019-05-17 19:41:06', 1),
(632, 8, '2019-02-05', 'TALONS', '...16351073', '24.08', '0.00', '-993.69', '-13.47', '-1243.81', '-1983.36', '2246.95', 2, 57, '2019-05-17 19:41:10', 1),
(633, 8, '2019-02-06', 'KEYSTONE RIVER RUN S', '...16351073', '5.87', '0.00', '-999.56', '-13.47', '-1249.68', '-1983.36', '2246.95', 2, 57, '2019-05-17 19:41:14', 1),
(634, 8, '2019-02-06', 'WAL-MART #986', '...16351073', '6.36', '0.00', '-1005.92', '-13.47', '-1256.04', '-1983.36', '2246.95', 2, 57, '2019-05-17 19:41:17', 1),
(635, 7, '2019-02-06', 'MOSCA', '...16351040', '574.00', '0.00', '-38208.86', '-5387.00', '-1280.01', '-121384.77', '89842.92', 2, 39, '2019-05-17 19:22:16', 1),
(636, 8, '2019-02-07', 'AMZN Mktp US*MI3S28F', '...16351073', '14.49', '0.00', '-1020.41', '-13.47', '-1270.53', '-1983.36', '2246.95', 2, 57, '2019-05-17 19:41:39', 1),
(637, 7, '2019-02-07', 'FARMACIA TUNDISI COU', '...16351040', '700.00', '0.00', '-38908.86', '-5387.00', '-1280.01', '-122084.77', '89842.92', 3, 14, '2019-05-17 19:22:21', 1),
(638, 8, '2019-02-07', 'Amazon.com*MI4SE4441', '...16351073', '88.73', '0.00', '-1109.14', '-13.47', '-1359.26', '-1983.36', '2246.95', 2, 57, '2019-05-17 19:41:42', 1),
(639, 8, '2019-02-08', 'AMZN Mktp US*MI34H8F', '...16351073', '64.21', '0.00', '-1173.35', '-13.47', '-1423.47', '-1983.36', '2246.95', 2, 57, '2019-05-17 19:41:46', 1),
(640, 8, '2019-02-09', 'WAL-MART #986', '...16351073', '37.25', '0.00', '-1210.60', '-13.47', '-1460.72', '-1983.36', '2246.95', 2, 57, '2019-05-17 19:41:51', 1),
(641, 8, '2019-02-09', 'APL* ITUNES.COM/BILL', '...16351040', '3.10', '0.00', '-1213.70', '-16.57', '-1460.72', '-1983.36', '2246.95', 1, 44, '2019-05-17 19:41:57', 1),
(642, 8, '2019-02-09', 'AMZN Mktp US*MI6055Z', '...16351073', '1335.49', '0.00', '-2549.19', '-16.57', '-2796.21', '-1983.36', '2246.95', 2, 57, '2019-05-17 19:42:03', 1),
(643, 8, '2019-02-09', 'TOWN OF VAIL PARKING', '...16351073', '31.10', '0.00', '-2580.29', '-16.57', '-2827.31', '-1983.36', '2246.95', 2, 57, '2019-05-17 19:42:07', 1),
(644, 8, '2019-02-10', '704-DUTY FREE AMERIC', '...16351073', '125.43', '0.00', '-2705.72', '-16.57', '-2952.74', '-1983.36', '2246.95', 2, 39, '2019-05-17 19:42:16', 1),
(645, 8, '2019-02-10', 'MCDONALD''S F13570', '...16351073', '4.67', '0.00', '-2710.39', '-16.57', '-2957.41', '-1983.36', '2246.95', 2, 6, '2019-05-17 19:42:22', 1),
(646, 8, '2019-02-10', 'MCDONALD''S F13570', '...16351073', '4.67', '0.00', '-2715.06', '-16.57', '-2962.08', '-1983.36', '2246.95', 2, 6, '2019-05-17 19:42:25', 1),
(647, 8, '2019-02-10', 'Spotify P097132A37', '...16351040', '12.43', '0.00', '-2727.49', '-16.57', '-2962.08', '-1995.79', '2246.95', 3, 20, '2019-05-17 19:42:31', 1),
(648, 8, '2019-02-10', 'MIAMI AIRP WENDYS', '...16351073', '12.96', '0.00', '-2740.45', '-16.57', '-2975.04', '-1995.79', '2246.95', 2, 6, '2019-05-17 19:42:37', 1),
(649, 8, '2019-02-10', 'MIAMI TO GO', '...16351073', '27.72', '0.00', '-2768.17', '-16.57', '-3002.76', '-1995.79', '2246.95', 2, 57, '2019-05-17 19:42:52', 1),
(650, 8, '2019-02-11', 'DUTY FREE SHOP URUGU', '...16351073', '214.60', '0.00', '-2982.77', '-16.57', '-3002.76', '-2210.39', '2246.95', 3, 43, '2019-05-17 19:43:05', 1),
(651, 7, '2019-02-12', 'TIENDA INGLESA', '...16351040', '12506.00', '0.00', '-51414.86', '-5387.00', '-1280.01', '-134590.77', '89842.92', 3, 7, '2019-05-17 19:22:27', 1),
(652, 7, '2019-02-12', 'PETROBRAS PAN DE AZU', '...16351040', '2250.00', '0.00', '-53664.86', '-5387.00', '-1280.01', '-136840.77', '89842.92', 3, 33, '2019-05-17 19:22:33', 1),
(653, 7, '2019-02-12', 'TELEPEAJE', '...16351073', '100.00', '0.00', '-53764.86', '-5387.00', '-1280.01', '-136940.77', '89842.92', 3, 33, '2019-05-17 19:22:36', 1),
(654, 7, '2019-02-12', 'TELEPEAJE', '...16351073', '100.00', '0.00', '-53864.86', '-5387.00', '-1280.01', '-137040.77', '89842.92', 3, 33, '2019-05-17 19:22:39', 1),
(655, 7, '2019-02-12', 'TELEPEAJE', '...16351073', '100.00', '0.00', '-53964.86', '-5387.00', '-1280.01', '-137140.77', '89842.92', 3, 33, '2019-05-17 19:22:42', 1),
(656, 7, '2019-02-12', 'TELEPEAJE', '...16351073', '100.00', '0.00', '-54064.86', '-5387.00', '-1280.01', '-137240.77', '89842.92', 3, 33, '2019-05-17 19:22:44', 1);

-- --------------------------------------------------------

--
-- Table structure for table `rubro_cuenta`
--

DROP TABLE IF EXISTS `rubro_cuenta`;
CREATE TABLE `rubro_cuenta` (
  `id` int(11) NOT NULL,
  `nombre` varchar(120) NOT NULL,
  `rubro_persona_id` int(11) DEFAULT NULL,
  `status` int(11) NOT NULL DEFAULT '1'
) ENGINE=InnoDB AUTO_INCREMENT=61 DEFAULT CHARSET=latin1;

--
-- Dumping data for table `rubro_cuenta`
--

INSERT INTO `rubro_cuenta` (`id`, `nombre`, `rubro_persona_id`, `status`) VALUES
(1, 'Comidas Pow', 1, 1),
(4, 'Kiwi', 3, 1),
(5, 'Las Chicas', 3, 1),
(6, 'Comidas Matt', 2, 1),
(7, 'Supermercado', 3, 1),
(8, 'Colegios', 3, 1),
(9, 'De la casa', 3, 1),
(10, 'BPS', 4, 1),
(11, 'Sueldos Casa', 3, 1),
(12, 'IVA', 4, 1),
(13, 'Otros', 1, 1),
(14, 'Farmacia', 3, 1),
(15, 'Tarjetas de Crédito', 4, 1),
(16, 'Nafta', 2, 1),
(17, 'DGI', 4, 1),
(18, 'Otros', 3, 1),
(20, 'Antel/UTE/OSE', 3, 1),
(21, 'Herramientas', 2, 1),
(22, 'Otros', 2, 1),
(23, 'San Quintín', 4, 1),
(24, 'Apto 801', 4, 1),
(25, 'Trs entre Cuentas', 4, 1),
(26, 'Nafta', 1, 1),
(27, 'Comidas', 3, 1),
(28, 'Pagos ACSA', 4, 1),
(29, 'Blue Cross', 3, 1),
(30, 'Gastos Bancos', 4, 1),
(31, 'Honorarios Ascesores', 4, 1),
(32, 'La Nube', 4, 1),
(33, 'De Viaje', 3, 1),
(34, 'Uber', 1, 1),
(35, 'Gastos Trabajo', 4, 1),
(36, 'Retiro Efectivo', 2, 1),
(38, 'Otros', 4, 1),
(39, 'Para ellas', 2, 1),
(40, 'Las chicas', 1, 1),
(41, 'UCANN', 2, 1),
(42, 'Ropa', 1, 1),
(43, 'Regalos', 3, 1),
(44, 'La Nube', 1, 1),
(45, 'La Nube', 2, 1),
(46, 'Compras', 2, 1),
(47, 'Cierre Común', 3, 1),
(48, 'Cierre Común', 4, 1),
(49, 'Mesada', 4, 1),
(50, 'Mesada', 1, 1),
(51, 'Mesada', 2, 1),
(52, 'Retiro Efectivo', 1, 1),
(53, 'Cambio Moneda', 4, 1),
(54, 'Madera', 2, 1),
(55, 'Hosting', 4, 1),
(56, 'Brat', 1, 1),
(57, 'De Viaje', 2, 1),
(58, 'Tarjeta de Crédito', 1, 1),
(59, 'Tarjeta de Crédito', 2, 1),
(60, 'Tarjeta de Crédito', 3, 1);

-- --------------------------------------------------------

--
-- Table structure for table `rubro_persona`
--

DROP TABLE IF EXISTS `rubro_persona`;
CREATE TABLE `rubro_persona` (
  `id` int(11) NOT NULL,
  `unique_name` varchar(15) NOT NULL,
  `nombre` varchar(120) NOT NULL,
  `color` varchar(10) NOT NULL DEFAULT 'black',
  `color_dark` varchar(10) NOT NULL,
  `color_light` varchar(10) NOT NULL,
  `caracter_unico` varchar(1) NOT NULL,
  `rubro_tarjeta` int(11) DEFAULT NULL,
  `status` int(11) NOT NULL
) ENGINE=InnoDB AUTO_INCREMENT=5 DEFAULT CHARSET=latin1;

--
-- Dumping data for table `rubro_persona`
--

INSERT INTO `rubro_persona` (`id`, `unique_name`, `nombre`, `color`, `color_dark`, `color_light`, `caracter_unico`, `rubro_tarjeta`, `status`) VALUES
(1, 'cta_pow', 'Pow', 'violet', '#800080', '#ffccff', 'P', 58, 1),
(2, 'cta_matt', 'Matt', 'orange', '#FFA500', '#ffdb99', 'M', 59, 1),
(3, 'cta_comun', 'Común', 'black', '#666666', '#999999', 'C', 60, 1),
(4, 'cta_laburo', 'Laburo', 'blue', '#6666ff', '#6699ff', 'L', 15, 1);

--
-- Indexes for dumped tables
--

--
-- Indexes for table `cuentas`
--
ALTER TABLE `cuentas`
  ADD PRIMARY KEY (`id`),
  ADD KEY `moneda` (`moneda`);

--
-- Indexes for table `cuentas_saldos_persona`
--
ALTER TABLE `cuentas_saldos_persona`
  ADD PRIMARY KEY (`id`),
  ADD KEY `cuenta_id` (`cuenta_id`),
  ADD KEY `persona_id` (`persona_id`);

--
-- Indexes for table `moneda`
--
ALTER TABLE `moneda`
  ADD PRIMARY KEY (`moneda`);

--
-- Indexes for table `movimientos_cuentas`
--
ALTER TABLE `movimientos_cuentas`
  ADD PRIMARY KEY (`id`),
  ADD KEY `status` (`status`),
  ADD KEY `cuenta_ud` (`cuentaId`);

--
-- Indexes for table `rubro_cuenta`
--
ALTER TABLE `rubro_cuenta`
  ADD PRIMARY KEY (`id`),
  ADD KEY `rubro_persona_id` (`rubro_persona_id`);

--
-- Indexes for table `rubro_persona`
--
ALTER TABLE `rubro_persona`
  ADD PRIMARY KEY (`id`);

--
-- AUTO_INCREMENT for dumped tables
--

--
-- AUTO_INCREMENT for table `cuentas`
--
ALTER TABLE `cuentas`
  MODIFY `id` int(11) NOT NULL AUTO_INCREMENT,AUTO_INCREMENT=12;
--
-- AUTO_INCREMENT for table `cuentas_saldos_persona`
--
ALTER TABLE `cuentas_saldos_persona`
  MODIFY `id` int(11) NOT NULL AUTO_INCREMENT,AUTO_INCREMENT=41;
--
-- AUTO_INCREMENT for table `movimientos_cuentas`
--
ALTER TABLE `movimientos_cuentas`
  MODIFY `id` int(11) NOT NULL AUTO_INCREMENT,AUTO_INCREMENT=754;
--
-- AUTO_INCREMENT for table `rubro_cuenta`
--
ALTER TABLE `rubro_cuenta`
  MODIFY `id` int(11) NOT NULL AUTO_INCREMENT,AUTO_INCREMENT=61;
--
-- AUTO_INCREMENT for table `rubro_persona`
--
ALTER TABLE `rubro_persona`
  MODIFY `id` int(11) NOT NULL AUTO_INCREMENT,AUTO_INCREMENT=5;
/*!40101 SET CHARACTER_SET_CLIENT=@OLD_CHARACTER_SET_CLIENT */;
/*!40101 SET CHARACTER_SET_RESULTS=@OLD_CHARACTER_SET_RESULTS */;
/*!40101 SET COLLATION_CONNECTION=@OLD_COLLATION_CONNECTION */;
