-- phpMyAdmin SQL Dump
-- version 4.4.10
-- http://www.phpmyadmin.net
--
-- Host: localhost:3306
-- Generation Time: Apr 29, 2020 at 08:52 AM
-- Server version: 5.5.42
-- PHP Version: 5.6.10

SET SQL_MODE = "NO_AUTO_VALUE_ON_ZERO";
SET time_zone = "+00:00";


/*!40101 SET @OLD_CHARACTER_SET_CLIENT=@@CHARACTER_SET_CLIENT */;
/*!40101 SET @OLD_CHARACTER_SET_RESULTS=@@CHARACTER_SET_RESULTS */;
/*!40101 SET @OLD_COLLATION_CONNECTION=@@COLLATION_CONNECTION */;
/*!40101 SET NAMES utf8mb4 */;

--
-- Database: `contable`
--

-- --------------------------------------------------------

--
-- Table structure for table `cotizaciones`
--

DROP TABLE IF EXISTS `cotizaciones`;
CREATE TABLE `cotizaciones` (
  `id` int(11) NOT NULL,
  `fecha` date NOT NULL,
  `timestamp` timestamp NULL DEFAULT CURRENT_TIMESTAMP ON UPDATE CURRENT_TIMESTAMP,
  `USD` decimal(10,2) NOT NULL,
  `UYU` decimal(10,8) NOT NULL
) ENGINE=InnoDB AUTO_INCREMENT=184 DEFAULT CHARSET=latin1;

--
-- Dumping data for table `cotizaciones`
--

INSERT INTO `cotizaciones` (`id`, `fecha`, `timestamp`, `USD`, `UYU`) VALUES
(10, '2019-11-01', '2020-04-24 05:04:36', '37.81', '0.02644803'),
(11, '2019-12-07', '2020-04-23 03:20:05', '37.71', '0.02651816'),
(12, '2019-12-08', '2020-04-23 03:20:05', '37.71', '0.02651816'),
(13, '2019-12-09', '2020-04-23 03:20:05', '37.71', '0.02651816'),
(14, '2019-12-10', '2020-04-23 03:20:05', '37.80', '0.02645503'),
(15, '2019-12-11', '2020-04-23 03:20:05', '37.98', '0.02632965'),
(16, '2019-12-12', '2020-04-23 03:20:05', '37.94', '0.02635741'),
(17, '2019-12-13', '2020-04-23 03:20:05', '37.83', '0.02643405'),
(18, '2019-12-14', '2020-04-23 03:20:05', '37.78', '0.02646903'),
(19, '2019-12-15', '2020-04-23 03:20:05', '37.78', '0.02646903'),
(20, '2019-12-16', '2020-04-23 03:20:05', '37.78', '0.02646903'),
(21, '2019-12-17', '2020-04-23 03:20:05', '37.73', '0.02650411'),
(22, '2019-12-18', '2020-04-23 03:20:05', '37.70', '0.02652520'),
(23, '2019-12-19', '2020-04-23 03:20:05', '37.70', '0.02652520'),
(24, '2019-12-20', '2020-04-23 03:20:05', '37.60', '0.02659574'),
(25, '2019-12-21', '2020-04-23 03:20:05', '37.50', '0.02666667'),
(26, '2019-12-22', '2020-04-23 03:20:05', '37.50', '0.02666667'),
(27, '2019-12-23', '2020-04-23 03:20:05', '37.50', '0.02666667'),
(28, '2019-12-24', '2020-04-23 03:20:05', '37.09', '0.02696145'),
(29, '2019-12-25', '2020-04-23 03:20:05', '36.97', '0.02704896'),
(30, '2019-12-26', '2020-04-23 03:20:05', '36.97', '0.02704896'),
(31, '2019-12-27', '2020-04-23 03:20:05', '37.01', '0.02701972'),
(32, '2019-12-28', '2020-04-23 03:20:05', '37.13', '0.02693240'),
(33, '2019-12-30', '2020-04-23 03:20:05', '37.13', '0.02693240'),
(34, '2019-12-31', '2020-04-23 03:20:05', '37.31', '0.02680247'),
(35, '2020-01-01', '2020-04-23 03:20:05', '37.31', '0.02680247'),
(36, '2020-01-02', '2020-04-23 03:20:05', '37.31', '0.02680247'),
(37, '2020-01-03', '2020-04-23 03:20:05', '37.17', '0.02690342'),
(38, '2020-01-04', '2020-04-23 03:20:05', '37.28', '0.02682403'),
(39, '2020-01-05', '2020-04-23 03:20:05', '37.28', '0.02682403'),
(40, '2020-01-06', '2020-04-23 03:20:05', '37.28', '0.02682403'),
(41, '2020-01-07', '2020-04-23 03:20:05', '37.28', '0.02682403'),
(42, '2020-01-08', '2020-04-23 03:20:05', '37.45', '0.02670227'),
(43, '2020-01-09', '2020-04-23 03:20:05', '37.45', '0.02670227'),
(44, '2020-01-10', '2020-04-23 03:20:05', '37.38', '0.02675227'),
(45, '2020-01-11', '2020-04-23 03:20:05', '37.26', '0.02683843'),
(46, '2020-01-12', '2020-04-23 03:20:05', '37.26', '0.02683843'),
(47, '2020-01-13', '2020-04-23 03:20:05', '37.26', '0.02683843'),
(48, '2020-01-14', '2020-04-23 03:20:05', '37.41', '0.02673082'),
(49, '2020-01-15', '2020-04-23 03:20:05', '37.36', '0.02676660'),
(50, '2020-01-16', '2020-04-23 03:20:05', '37.33', '0.02678811'),
(51, '2020-01-17', '2020-04-23 03:20:05', '37.29', '0.02681684'),
(52, '2020-01-18', '2020-04-23 03:20:05', '37.31', '0.02680247'),
(53, '2020-01-19', '2020-04-23 03:20:05', '37.31', '0.02680247'),
(54, '2020-01-20', '2020-04-23 03:20:05', '37.31', '0.02680247'),
(55, '2020-01-21', '2020-04-23 03:20:05', '37.36', '0.02676660'),
(56, '2020-01-22', '2020-04-23 03:20:05', '37.39', '0.02674512'),
(57, '2020-01-23', '2020-04-23 03:20:05', '37.31', '0.02680247'),
(58, '2020-01-24', '2020-04-23 03:20:05', '37.26', '0.02683843'),
(59, '2020-01-25', '2020-04-23 03:20:05', '37.22', '0.02686728'),
(60, '2020-01-26', '2020-04-23 03:20:05', '37.22', '0.02686728'),
(61, '2020-01-27', '2020-04-23 03:20:05', '37.22', '0.02686728'),
(62, '2020-01-28', '2020-04-23 03:20:05', '37.35', '0.02677376'),
(63, '2020-01-29', '2020-04-23 03:20:05', '37.38', '0.02675227'),
(64, '2020-01-30', '2020-04-23 03:20:05', '37.39', '0.02674512'),
(65, '2020-01-31', '2020-04-23 03:20:05', '37.58', '0.02660990'),
(66, '2020-02-01', '2020-04-23 03:20:05', '37.53', '0.02664535'),
(67, '2020-02-02', '2020-04-23 03:20:05', '37.53', '0.02664535'),
(68, '2020-02-03', '2020-04-23 03:20:05', '37.53', '0.02664535'),
(69, '2020-02-04', '2020-04-23 03:20:05', '37.57', '0.02661698'),
(70, '2020-02-05', '2020-04-23 03:20:05', '37.58', '0.02660990'),
(71, '2020-02-07', '2020-04-23 03:20:05', '37.58', '0.02660990'),
(72, '2020-02-08', '2020-04-23 03:20:05', '37.72', '0.02651113'),
(73, '2020-02-09', '2020-04-23 03:20:05', '37.72', '0.02651113'),
(74, '2020-02-10', '2020-04-23 03:20:05', '37.72', '0.02651113'),
(75, '2020-02-11', '2020-04-23 03:20:05', '37.75', '0.02649007'),
(76, '2020-02-12', '2020-04-23 03:20:05', '37.77', '0.02647604'),
(77, '2020-02-13', '2020-04-23 03:20:05', '37.91', '0.02637826'),
(78, '2020-02-14', '2020-04-23 03:20:05', '38.05', '0.02628121'),
(79, '2020-02-15', '2020-04-23 03:20:05', '37.92', '0.02637131'),
(80, '2020-02-16', '2020-04-23 03:20:05', '37.92', '0.02637131'),
(81, '2020-02-17', '2020-04-23 03:20:05', '37.92', '0.02637131'),
(82, '2020-02-18', '2020-04-23 03:20:05', '37.91', '0.02637826'),
(83, '2020-02-19', '2020-04-23 03:20:05', '38.05', '0.02628121'),
(84, '2020-02-20', '2020-04-23 03:20:05', '38.06', '0.02627430'),
(85, '2020-02-21', '2020-04-23 03:20:05', '38.25', '0.02614379'),
(86, '2020-02-22', '2020-04-23 03:20:05', '38.38', '0.02605524'),
(87, '2020-02-23', '2020-04-23 03:20:05', '38.38', '0.02605524'),
(88, '2020-02-24', '2020-04-23 03:20:05', '38.38', '0.02605524'),
(89, '2020-02-25', '2020-04-23 03:20:05', '38.38', '0.02605524'),
(90, '2020-02-26', '2020-04-23 03:20:05', '38.38', '0.02605524'),
(91, '2020-02-27', '2020-04-23 03:20:05', '38.60', '0.02590674'),
(92, '2020-02-28', '2020-04-23 03:20:05', '38.96', '0.02566735'),
(93, '2020-02-29', '2020-04-23 03:20:05', '39.15', '0.02554278'),
(94, '2020-03-01', '2020-04-23 03:20:05', '39.15', '0.02554278'),
(95, '2020-03-02', '2020-04-23 03:20:05', '39.15', '0.02554278'),
(96, '2020-03-03', '2020-04-23 03:20:05', '39.19', '0.02551671'),
(97, '2020-03-04', '2020-04-23 03:20:05', '39.56', '0.02527806'),
(98, '2020-03-05', '2020-04-23 03:20:05', '40.12', '0.02492522'),
(99, '2020-03-06', '2020-04-23 03:20:05', '40.86', '0.02447381'),
(100, '2020-03-07', '2020-04-23 03:20:05', '41.64', '0.02401537'),
(101, '2020-03-08', '2020-04-23 03:20:05', '41.64', '0.02401537'),
(102, '2020-03-09', '2020-04-23 03:20:05', '41.64', '0.02401537'),
(103, '2020-03-10', '2020-04-23 03:20:05', '43.20', '0.02314815'),
(104, '2020-03-11', '2020-04-23 03:20:05', '43.24', '0.02312673'),
(105, '2020-03-12', '2020-04-23 03:20:05', '43.41', '0.02303617'),
(106, '2020-03-13', '2020-04-23 03:20:05', '44.45', '0.02249719'),
(107, '2020-03-14', '2020-04-23 03:20:05', '44.45', '0.02249719'),
(108, '2020-03-15', '2020-04-23 03:20:05', '44.45', '0.02249719'),
(109, '2020-03-17', '2020-04-23 03:20:05', '45.54', '0.02195872'),
(110, '2020-03-18', '2020-04-23 03:20:05', '45.60', '0.02192982'),
(111, '2020-03-19', '2020-04-23 03:20:05', '45.94', '0.02176752'),
(112, '2020-03-20', '2020-04-23 03:20:05', '45.80', '0.02183406'),
(113, '2020-03-21', '2020-04-23 03:20:05', '44.64', '0.02240143'),
(114, '2020-03-22', '2020-04-23 03:20:05', '44.64', '0.02240143'),
(115, '2020-03-23', '2020-04-23 03:20:05', '44.64', '0.02240143'),
(116, '2020-03-24', '2020-04-23 03:20:05', '44.80', '0.02232143'),
(117, '2020-03-25', '2020-04-23 03:20:05', '44.28', '0.02258356'),
(118, '2020-03-26', '2020-04-23 03:20:05', '43.51', '0.02298322'),
(119, '2020-03-27', '2020-04-23 03:20:05', '42.71', '0.02341372'),
(120, '2020-03-28', '2020-04-23 03:20:05', '43.86', '0.02279982'),
(121, '2020-03-29', '2020-04-23 03:20:05', '43.86', '0.02279982'),
(122, '2020-03-30', '2020-04-23 03:20:05', '43.86', '0.02279982'),
(123, '2020-03-31', '2020-04-23 03:20:05', '43.75', '0.02285714'),
(124, '2020-04-01', '2020-04-23 03:20:05', '43.01', '0.02325041'),
(125, '2020-04-02', '2020-04-23 03:20:05', '44.00', '0.02272727'),
(126, '2020-04-03', '2020-04-23 03:20:05', '44.21', '0.02261932'),
(127, '2020-04-04', '2020-04-23 03:20:05', '44.62', '0.02241147'),
(128, '2020-04-05', '2020-04-23 03:20:05', '44.62', '0.02241147'),
(129, '2020-04-06', '2020-04-23 03:20:05', '44.62', '0.02241147'),
(130, '2020-04-07', '2020-04-23 03:20:05', '43.64', '0.02291476'),
(131, '2020-04-08', '2020-04-23 03:20:05', '43.04', '0.02323420'),
(132, '2020-04-09', '2020-04-23 03:20:05', '43.15', '0.02317497'),
(133, '2020-04-10', '2020-04-23 03:20:05', '43.15', '0.02317497'),
(134, '2020-04-11', '2020-04-23 03:20:05', '43.15', '0.02317497'),
(135, '2020-04-12', '2020-04-23 03:20:05', '43.15', '0.02317497'),
(136, '2020-04-13', '2020-04-23 03:20:05', '43.15', '0.02317497'),
(137, '2020-04-14', '2020-04-23 03:20:05', '43.51', '0.02298322'),
(138, '2020-04-15', '2020-04-23 03:20:05', '43.47', '0.02300437'),
(139, '2020-04-16', '2020-04-23 03:20:05', '43.70', '0.02288330'),
(140, '2020-04-17', '2020-04-23 03:20:05', '43.51', '0.02298322'),
(141, '2020-04-18', '2020-04-23 03:20:05', '43.39', '0.02304678'),
(142, '2020-04-19', '2020-04-23 03:20:05', '43.39', '0.02304678'),
(143, '2020-04-20', '2020-04-23 03:20:05', '43.39', '0.02304678'),
(144, '2020-04-21', '2020-04-23 03:20:05', '43.20', '0.02314815'),
(145, '2020-04-22', '2020-04-23 03:20:05', '43.25', '0.02312139'),
(146, '2020-04-25', '2020-04-25 20:44:08', '43.25', '0.02312139'),
(147, '2020-04-24', '2020-04-25 20:45:57', '43.25', '0.02312139'),
(148, '2020-04-23', '2020-04-25 20:45:46', '43.25', '0.02312139'),
(149, '2019-11-02', '2020-04-26 22:03:41', '37.81', '0.02644803'),
(150, '2019-11-03', '2020-04-26 22:03:41', '37.81', '0.02644803'),
(151, '2019-11-04', '2020-04-26 22:03:41', '37.81', '0.02644803'),
(152, '2019-11-05', '2020-04-26 22:03:41', '37.81', '0.02644803'),
(153, '2019-11-06', '2020-04-26 22:03:41', '37.81', '0.02644803'),
(154, '2019-11-07', '2020-04-26 22:03:41', '37.81', '0.02644803'),
(155, '2019-11-08', '2020-04-26 22:03:41', '37.81', '0.02644803'),
(156, '2019-11-09', '2020-04-26 22:03:41', '37.81', '0.02644803'),
(157, '2019-11-10', '2020-04-26 22:03:41', '37.81', '0.02644803'),
(158, '2019-11-11', '2020-04-26 22:03:41', '37.81', '0.02644803'),
(159, '2019-11-12', '2020-04-26 22:03:41', '37.81', '0.02644803'),
(160, '2019-11-13', '2020-04-26 22:03:41', '37.81', '0.02644803'),
(161, '2019-11-14', '2020-04-26 22:03:41', '37.81', '0.02644803'),
(162, '2019-11-15', '2020-04-26 22:03:41', '37.81', '0.02644803'),
(163, '2019-11-16', '2020-04-26 22:03:41', '37.81', '0.02644803'),
(164, '2019-11-17', '2020-04-26 22:03:41', '37.81', '0.02644803'),
(165, '2019-11-18', '2020-04-26 22:03:41', '37.81', '0.02644803'),
(166, '2019-11-19', '2020-04-26 22:03:41', '37.81', '0.02644803'),
(167, '2019-11-20', '2020-04-26 22:03:41', '37.81', '0.02644803'),
(168, '2019-11-21', '2020-04-26 22:03:41', '37.81', '0.02644803'),
(169, '2019-11-22', '2020-04-26 22:03:41', '37.81', '0.02644803'),
(170, '2019-11-23', '2020-04-26 22:03:41', '37.81', '0.02644803'),
(171, '2019-11-24', '2020-04-26 22:03:41', '37.81', '0.02644803'),
(172, '2019-11-25', '2020-04-26 22:03:41', '37.81', '0.02644803'),
(173, '2019-11-26', '2020-04-26 22:03:41', '37.81', '0.02644803'),
(174, '2019-11-27', '2020-04-26 22:03:41', '37.81', '0.02644803'),
(175, '2019-11-28', '2020-04-26 22:03:41', '37.81', '0.02644803'),
(176, '2019-11-29', '2020-04-26 22:03:41', '37.81', '0.02644803'),
(177, '2019-11-30', '2020-04-26 22:03:41', '37.81', '0.02644803'),
(178, '2019-12-01', '2020-04-26 22:03:41', '37.81', '0.02644803'),
(179, '2019-12-02', '2020-04-26 22:03:41', '37.81', '0.02644803'),
(180, '2019-12-03', '2020-04-26 22:03:41', '37.81', '0.02644803'),
(181, '2019-12-04', '2020-04-26 22:03:41', '37.81', '0.02644803'),
(182, '2019-12-05', '2020-04-26 22:03:41', '37.81', '0.02644803'),
(183, '2019-12-06', '2020-04-26 22:03:41', '37.81', '0.02644803');

-- --------------------------------------------------------

--
-- Table structure for table `cuentas`
--

DROP TABLE IF EXISTS `cuentas`;
CREATE TABLE `cuentas` (
  `id` int(11) NOT NULL,
  `nombre` varchar(150) NOT NULL,
  `moneda` varchar(3) NOT NULL,
  `type` varchar(10) NOT NULL DEFAULT 'cc',
  `cta_debito` int(11) DEFAULT NULL,
  `parser` varchar(10) NOT NULL,
  `parser_asoc` varchar(15) DEFAULT NULL,
  `saldo` decimal(10,2) NOT NULL,
  `show_txt_otros` varchar(50) NOT NULL DEFAULT '',
  `status` tinyint(4) NOT NULL
) ENGINE=InnoDB AUTO_INCREMENT=12 DEFAULT CHARSET=utf8;

--
-- Dumping data for table `cuentas`
--

INSERT INTO `cuentas` (`id`, `nombre`, `moneda`, `type`, `cta_debito`, `parser`, `parser_asoc`, `saldo`, `show_txt_otros`, `status`) VALUES
(1, 'Iatú Matt - CA', 'UYU', 'cc', NULL, 'itau-web', NULL, '0.00', '', 1),
(2, 'Iatú Matt - CA', 'USD', 'cc', NULL, 'itau-web', NULL, '0.00', '', 1),
(3, 'Itau Matt - CC', 'UYU', 'cc', NULL, 'itau-web', NULL, '0.00', '', 1),
(4, 'Itau Matt - CC', 'USD', 'cc', NULL, 'itau-web', NULL, '0.00', '', 1),
(6, 'ACSA #110499', 'UYU', 'cc', NULL, 'acsa-web', NULL, '0.00', '', 1),
(7, 'Visa', 'UYU', 'tarjeta', 1, 'visa-itau', '7,8', '0.00', 'Tarjeta Nro', 1),
(8, 'Visa', 'USD', 'tarjeta', 2, 'visa-itau', '7,8', '0.00', 'Tarjeta Nro', 1),
(9, 'Itaú Pow - CA', 'USD', 'cc', NULL, 'itau-web', NULL, '0.00', '', 1),
(10, 'Itau Pow - CA', 'UYU', 'cc', NULL, 'itau-web', NULL, '0.00', '', 1),
(11, 'ACSA #110499', 'USD', 'cc', NULL, 'acsa-web', NULL, '0.00', '', 1);

-- --------------------------------------------------------

--
-- Table structure for table `cuentas_saldos_persona`
--

DROP TABLE IF EXISTS `cuentas_saldos_persona`;
CREATE TABLE `cuentas_saldos_persona` (
  `id` int(11) NOT NULL,
  `cuenta_id` int(11) NOT NULL,
  `persona_id` int(11) NOT NULL,
  `saldo` decimal(10,2) NOT NULL
) ENGINE=InnoDB DEFAULT CHARSET=latin1;

-- --------------------------------------------------------

--
-- Table structure for table `moneda`
--

DROP TABLE IF EXISTS `moneda`;
CREATE TABLE `moneda` (
  `moneda` varchar(3) NOT NULL,
  `simbolo` varchar(3) NOT NULL
) ENGINE=InnoDB DEFAULT CHARSET=utf8;

--
-- Dumping data for table `moneda`
--

INSERT INTO `moneda` (`moneda`, `simbolo`) VALUES
('USD', 'u$s'),
('UYU', '$');

-- --------------------------------------------------------

--
-- Table structure for table `movimientos_cuentas`
--

DROP TABLE IF EXISTS `movimientos_cuentas`;
CREATE TABLE `movimientos_cuentas` (
  `id` int(11) NOT NULL,
  `cuentaId` int(11) NOT NULL,
  `fecha` date NOT NULL,
  `concepto` varchar(150) NOT NULL,
  `txt_otros` varchar(50) DEFAULT NULL,
  `debito` decimal(10,2) NOT NULL,
  `credito` decimal(10,2) NOT NULL,
  `saldo` decimal(10,2) NOT NULL,
  `saldo_cta1` decimal(10,2) DEFAULT NULL,
  `saldo_cta2` decimal(10,2) DEFAULT NULL,
  `saldo_cta3` decimal(10,2) DEFAULT NULL,
  `saldo_cta4` decimal(10,2) NOT NULL,
  `persona_id` int(11) DEFAULT NULL,
  `rubro_id` int(11) DEFAULT NULL,
  `fecha_auto` timestamp NOT NULL DEFAULT CURRENT_TIMESTAMP ON UPDATE CURRENT_TIMESTAMP,
  `mov_relacionado` int(11) DEFAULT NULL,
  `status` tinyint(4) NOT NULL
) ENGINE=InnoDB DEFAULT CHARSET=latin1;

-- --------------------------------------------------------

--
-- Table structure for table `rubro_cuenta`
--

DROP TABLE IF EXISTS `rubro_cuenta`;
CREATE TABLE `rubro_cuenta` (
  `id` int(11) NOT NULL,
  `nombre` varchar(120) NOT NULL,
  `rubro_persona_id` int(11) DEFAULT NULL,
  `status` int(11) NOT NULL DEFAULT '1'
) ENGINE=InnoDB AUTO_INCREMENT=64 DEFAULT CHARSET=latin1;

--
-- Dumping data for table `rubro_cuenta`
--

INSERT INTO `rubro_cuenta` (`id`, `nombre`, `rubro_persona_id`, `status`) VALUES
(1, 'Comidas Pow', 1, 1),
(4, 'Kiwi', 3, 1),
(5, 'Las Chicas', 3, 1),
(6, 'Comidas Matt', 2, 1),
(7, 'Supermercado', 3, 1),
(8, 'Colegios', 3, 1),
(9, 'De la casa', 3, 1),
(10, 'BPS', 4, 1),
(11, 'Sueldos Casa', 3, 1),
(12, 'IVA', 4, 1),
(13, 'Otros', 1, 1),
(14, 'Farmacia', 3, 1),
(15, 'Tarjetas de Crédito', 4, 1),
(16, 'Nafta', 2, 1),
(17, 'DGI', 4, 1),
(18, 'Otros', 3, 1),
(20, 'Antel/UTE/OSE', 3, 1),
(21, 'Herramientas', 2, 1),
(22, 'Otros', 2, 1),
(23, 'San Quintin', 4, 1),
(24, 'Apto 801', 4, 1),
(25, 'Trs entre Cuentas', 4, 1),
(26, 'Nafta', 1, 1),
(27, 'Comidas', 3, 1),
(28, 'Pagos ACSA', 4, 1),
(29, 'Blue Cross', 3, 1),
(30, 'Gastos Bancos', 4, 1),
(31, 'Honorarios Ascesores', 4, 1),
(32, 'La Nube', 4, 1),
(33, 'De Viaje', 3, 1),
(34, 'Uber', 1, 1),
(35, 'Gastos Trabajo', 4, 1),
(36, 'Retiro Efectivo', 2, 1),
(38, 'Otros', 4, 1),
(39, 'Para ellas', 2, 1),
(40, 'Las chicas', 1, 1),
(41, 'UCANN', 2, 1),
(42, 'Ropa', 1, 1),
(43, 'Regalos', 3, 1),
(44, 'La Nube', 1, 1),
(45, 'La Nube', 2, 1),
(46, 'Compras', 2, 1),
(47, 'Cierre Común', 3, 1),
(48, 'Cierre Común', 4, 1),
(49, 'Mesada', 4, 1),
(50, 'Mesada', 1, 1),
(51, 'Mesada', 2, 1),
(52, 'Retiro Efectivo', 1, 1),
(53, 'Cambio Moneda', 4, 1),
(54, 'Madera', 2, 1),
(55, 'Hosting', 4, 1),
(56, 'Brat', 1, 1),
(57, 'De Viaje', 2, 1),
(58, 'Tarjeta de Crédito', 1, 1),
(59, 'Tarjeta de Crédito', 2, 1),
(60, 'Tarjeta de Crédito', 3, 1),
(61, 'Sin Identificar', 4, 1),
(62, 'La Nube', 3, 1),
(63, 'Pita', 1, 1);

-- --------------------------------------------------------

--
-- Table structure for table `rubro_persona`
--

DROP TABLE IF EXISTS `rubro_persona`;
CREATE TABLE `rubro_persona` (
  `id` int(11) NOT NULL,
  `unique_name` varchar(15) NOT NULL,
  `nombre` varchar(120) NOT NULL,
  `color` varchar(10) NOT NULL DEFAULT 'black',
  `color_dark` varchar(10) NOT NULL,
  `color_light` varchar(10) NOT NULL,
  `caracter_unico` varchar(1) NOT NULL,
  `rubro_tarjeta` int(11) DEFAULT NULL,
  `status` int(11) NOT NULL
) ENGINE=InnoDB AUTO_INCREMENT=5 DEFAULT CHARSET=latin1;

--
-- Dumping data for table `rubro_persona`
--

INSERT INTO `rubro_persona` (`id`, `unique_name`, `nombre`, `color`, `color_dark`, `color_light`, `caracter_unico`, `rubro_tarjeta`, `status`) VALUES
(1, 'cta_pow', 'Pow', 'violet', '#800080', '#ffccff', 'P', 58, 1),
(2, 'cta_matt', 'Matt', 'orange', '#FFA500', '#ffdb99', 'M', 59, 1),
(3, 'cta_comun', 'Común', 'black', '#666666', '#999999', 'C', 60, 1),
(4, 'cta_laburo', 'Laburo', 'blue', '#6666ff', '#6699ff', 'L', 15, 1);

--
-- Indexes for dumped tables
--

--
-- Indexes for table `cotizaciones`
--
ALTER TABLE `cotizaciones`
  ADD PRIMARY KEY (`id`);

--
-- Indexes for table `cuentas`
--
ALTER TABLE `cuentas`
  ADD PRIMARY KEY (`id`),
  ADD KEY `moneda` (`moneda`);

--
-- Indexes for table `cuentas_saldos_persona`
--
ALTER TABLE `cuentas_saldos_persona`
  ADD PRIMARY KEY (`id`),
  ADD KEY `cuenta_id` (`cuenta_id`),
  ADD KEY `persona_id` (`persona_id`);

--
-- Indexes for table `moneda`
--
ALTER TABLE `moneda`
  ADD PRIMARY KEY (`moneda`);

--
-- Indexes for table `movimientos_cuentas`
--
ALTER TABLE `movimientos_cuentas`
  ADD PRIMARY KEY (`id`),
  ADD KEY `status` (`status`),
  ADD KEY `cuenta_ud` (`cuentaId`);

--
-- Indexes for table `rubro_cuenta`
--
ALTER TABLE `rubro_cuenta`
  ADD PRIMARY KEY (`id`),
  ADD KEY `rubro_persona_id` (`rubro_persona_id`);

--
-- Indexes for table `rubro_persona`
--
ALTER TABLE `rubro_persona`
  ADD PRIMARY KEY (`id`);

--
-- AUTO_INCREMENT for dumped tables
--

--
-- AUTO_INCREMENT for table `cotizaciones`
--
ALTER TABLE `cotizaciones`
  MODIFY `id` int(11) NOT NULL AUTO_INCREMENT,AUTO_INCREMENT=184;
--
-- AUTO_INCREMENT for table `cuentas`
--
ALTER TABLE `cuentas`
  MODIFY `id` int(11) NOT NULL AUTO_INCREMENT,AUTO_INCREMENT=12;
--
-- AUTO_INCREMENT for table `cuentas_saldos_persona`
--
ALTER TABLE `cuentas_saldos_persona`
  MODIFY `id` int(11) NOT NULL AUTO_INCREMENT;
--
-- AUTO_INCREMENT for table `movimientos_cuentas`
--
ALTER TABLE `movimientos_cuentas`
  MODIFY `id` int(11) NOT NULL AUTO_INCREMENT;
--
-- AUTO_INCREMENT for table `rubro_cuenta`
--
ALTER TABLE `rubro_cuenta`
  MODIFY `id` int(11) NOT NULL AUTO_INCREMENT,AUTO_INCREMENT=64;
--
-- AUTO_INCREMENT for table `rubro_persona`
--
ALTER TABLE `rubro_persona`
  MODIFY `id` int(11) NOT NULL AUTO_INCREMENT,AUTO_INCREMENT=5;
/*!40101 SET CHARACTER_SET_CLIENT=@OLD_CHARACTER_SET_CLIENT */;
/*!40101 SET CHARACTER_SET_RESULTS=@OLD_CHARACTER_SET_RESULTS */;
/*!40101 SET COLLATION_CONNECTION=@OLD_COLLATION_CONNECTION */;
