-- phpMyAdmin SQL Dump
-- version 4.4.10
-- http://www.phpmyadmin.net
--
-- Host: localhost:3306
-- Generation Time: Mar 07, 2019 at 01:12 AM
-- Server version: 5.5.42
-- PHP Version: 5.6.10

SET SQL_MODE = "NO_AUTO_VALUE_ON_ZERO";
SET time_zone = "+00:00";


/*!40101 SET @OLD_CHARACTER_SET_CLIENT=@@CHARACTER_SET_CLIENT */;
/*!40101 SET @OLD_CHARACTER_SET_RESULTS=@@CHARACTER_SET_RESULTS */;
/*!40101 SET @OLD_COLLATION_CONNECTION=@@COLLATION_CONNECTION */;
/*!40101 SET NAMES utf8mb4 */;

--
-- Database: `contable`
--

-- --------------------------------------------------------

--
-- Table structure for table `cuentas`
--

DROP TABLE IF EXISTS `cuentas`;
CREATE TABLE `cuentas` (
  `id` int(11) NOT NULL,
  `nombre` varchar(150) NOT NULL,
  `moneda` varchar(3) NOT NULL,
  `parser` varchar(10) NOT NULL,
  `parser_asoc` varchar(15) DEFAULT NULL,
  `saldo` decimal(10,2) NOT NULL,
  `show_txt_otros` varchar(50) NOT NULL DEFAULT '',
  `status` tinyint(4) NOT NULL
) ENGINE=InnoDB AUTO_INCREMENT=9 DEFAULT CHARSET=utf8;

--
-- Dumping data for table `cuentas`
--

INSERT INTO `cuentas` (`id`, `nombre`, `moneda`, `parser`, `parser_asoc`, `saldo`, `show_txt_otros`, `status`) VALUES
(1, 'Iatú Matt - CA', 'UYU', 'itau-web', NULL, '118403.33', '', 1),
(2, 'Iatú Matt - CA', 'USD', 'itau-web', NULL, '0.00', '', 1),
(3, 'Itau Matt - CC', 'UYU', 'itau-web', NULL, '327593.57', '', 1),
(4, 'Itau Matt - CC', 'USD', 'itau-web', NULL, '0.00', '', 1),
(6, 'ACSA cta #110499', 'UYU', 'acsa-web', NULL, '-244996.74', '', 1),
(7, 'Visa', 'UYU', 'visa-itau', '7,8', '0.00', 'Tarjeta Nro', 1),
(8, 'Visa', 'USD', 'visa-itau', '7,8', '0.00', 'Tarjeta Nro', 1);

-- --------------------------------------------------------

--
-- Table structure for table `cuentas_saldos_persona`
--

DROP TABLE IF EXISTS `cuentas_saldos_persona`;
CREATE TABLE `cuentas_saldos_persona` (
  `id` int(11) NOT NULL,
  `cuenta_id` int(11) NOT NULL,
  `persona_id` int(11) NOT NULL,
  `saldo` decimal(10,2) NOT NULL
) ENGINE=InnoDB AUTO_INCREMENT=13 DEFAULT CHARSET=latin1;

--
-- Dumping data for table `cuentas_saldos_persona`
--

INSERT INTO `cuentas_saldos_persona` (`id`, `cuenta_id`, `persona_id`, `saldo`) VALUES
(1, 1, 4, '157286.44'),
(2, 1, 3, '-24408.10'),
(3, 1, 2, '-13875.01'),
(4, 1, 1, '-600.00'),
(5, 3, 4, '327593.57'),
(6, 3, 3, '0.00'),
(7, 3, 2, '0.00'),
(8, 3, 1, '0.00'),
(9, 6, 4, '-236396.74'),
(10, 6, 3, '0.00'),
(11, 6, 2, '-8600.00'),
(12, 6, 1, '0.00');

-- --------------------------------------------------------

--
-- Table structure for table `moneda`
--

DROP TABLE IF EXISTS `moneda`;
CREATE TABLE `moneda` (
  `moneda` varchar(3) NOT NULL,
  `simbolo` varchar(3) NOT NULL
) ENGINE=InnoDB DEFAULT CHARSET=utf8;

--
-- Dumping data for table `moneda`
--

INSERT INTO `moneda` (`moneda`, `simbolo`) VALUES
('USD', 'u$s'),
('UYU', '$');

-- --------------------------------------------------------

--
-- Table structure for table `movimientos_cuentas`
--

DROP TABLE IF EXISTS `movimientos_cuentas`;
CREATE TABLE `movimientos_cuentas` (
  `id` int(11) NOT NULL,
  `cuentaId` int(11) NOT NULL,
  `fecha` date NOT NULL,
  `concepto` varchar(150) NOT NULL,
  `txt_otros` varchar(50) DEFAULT NULL,
  `debito` decimal(10,2) NOT NULL,
  `credito` decimal(10,2) NOT NULL,
  `saldo` decimal(10,2) NOT NULL,
  `saldo_cta1` decimal(10,2) DEFAULT NULL,
  `saldo_cta2` decimal(10,2) DEFAULT NULL,
  `saldo_cta3` decimal(10,2) DEFAULT NULL,
  `saldo_cta4` decimal(10,2) NOT NULL,
  `persona_id` int(11) DEFAULT NULL,
  `rubro_id` int(11) DEFAULT NULL,
  `fecha_auto` timestamp NOT NULL DEFAULT CURRENT_TIMESTAMP ON UPDATE CURRENT_TIMESTAMP,
  `status` tinyint(4) NOT NULL
) ENGINE=InnoDB AUTO_INCREMENT=159 DEFAULT CHARSET=latin1;

--
-- Dumping data for table `movimientos_cuentas`
--

INSERT INTO `movimientos_cuentas` (`id`, `cuentaId`, `fecha`, `concepto`, `txt_otros`, `debito`, `credito`, `saldo`, `saldo_cta1`, `saldo_cta2`, `saldo_cta3`, `saldo_cta4`, `persona_id`, `rubro_id`, `fecha_auto`, `status`) VALUES
(1, 1, '2019-01-02', 'REDIVA 19210ANCAP JIGAMA', NULL, '0.00', '10.49', '68298.69', '0.00', '0.00', '0.00', '68298.69', 4, 12, '2019-03-07 02:34:40', 1),
(2, 1, '2019-01-02', 'COMPRA ANCAP JIGAMA  ', NULL, '320.00', '0.00', '67978.69', '0.00', '0.00', '-320.00', '68298.69', 3, 33, '2019-03-07 02:35:48', 1),
(3, 1, '2019-01-02', 'COMPRA ANCAP JIGAMA  ', NULL, '2050.00', '0.00', '65928.69', '0.00', '0.00', '-2370.00', '68298.69', 3, 33, '2019-03-07 02:35:50', 1),
(4, 1, '2019-01-02', 'COMPRA MC DONALDS  ', NULL, '796.00', '0.00', '65132.69', '0.00', '0.00', '-3166.00', '68298.69', 3, 27, '2019-03-07 02:35:54', 1),
(5, 1, '2019-01-02', 'REDIVA 19210MC DONALDS', NULL, '0.00', '58.72', '65191.41', '0.00', '0.00', '-3166.00', '68357.41', 4, 12, '2019-03-07 02:35:54', 1),
(6, 1, '2019-01-03', 'TRASPASO DE 3851304ILINK  (Reintegro sandra por Supermercado)', NULL, '0.00', '128.00', '65319.41', '0.00', '0.00', '-3038.00', '68357.41', 3, 11, '2019-03-07 02:36:18', 1),
(7, 1, '2019-01-04', 'TRASPASO DE 3249071MTPAY  (Error ACSA)', NULL, '0.00', '21772.00', '87091.41', '0.00', '0.00', '-3038.00', '90129.41', 4, 38, '2019-03-07 02:36:41', 1),
(8, 1, '2019-01-07', 'REDIVA 19210ANTEL 262900', NULL, '0.00', '22.22', '87113.63', '0.00', '0.00', '-3038.00', '90151.63', 4, 12, '2019-03-07 02:36:41', 1),
(9, 1, '2019-01-07', 'PAGO FACTURAANTEL 262900', NULL, '1538.00', '0.00', '85575.63', '0.00', '0.00', '-4576.00', '90151.63', 3, 20, '2019-03-07 02:36:41', 1),
(10, 1, '2019-01-07', 'REDIVA 19210chelato', NULL, '0.00', '7.87', '85583.50', '0.00', '0.00', '-4576.00', '90159.50', 4, 12, '2019-03-07 02:36:41', 1),
(11, 1, '2019-01-07', 'COMPRA chelato  ', NULL, '240.00', '0.00', '85343.50', '0.00', '-240.00', '-4576.00', '90159.50', 2, 39, '2019-03-07 02:36:46', 1),
(12, 1, '2019-01-10', 'REDIVA 19210KROSER', NULL, '0.00', '30.26', '85373.76', '0.00', '-240.00', '-4576.00', '90189.76', 4, 12, '2019-03-07 02:36:46', 1),
(13, 1, '2019-01-10', 'COMPRA KROSER  ', NULL, '923.01', '0.00', '84450.75', '0.00', '-1163.01', '-4576.00', '90189.76', 2, 21, '2019-03-07 02:36:50', 1),
(14, 1, '2019-01-11', 'DEP 24 HORAS 008660732', NULL, '0.00', '64258.31', '148709.06', '0.00', '-1163.01', '-4576.00', '154448.07', 4, 23, '2019-03-07 02:36:54', 1),
(15, 1, '2019-01-11', 'REDIVA 19210ANCAP JIGAMA', NULL, '0.00', '18.49', '148727.55', '0.00', '-1163.01', '-4576.00', '154466.56', 4, 12, '2019-03-07 02:36:54', 1),
(16, 1, '2019-01-11', 'COMPRA ANCAP JIGAMA  ', NULL, '564.00', '0.00', '148163.55', '0.00', '-1163.01', '-5140.00', '154466.56', 3, 33, '2019-03-07 02:36:58', 1),
(17, 1, '2019-01-14', 'COMPRA PETROBRAS PA  ', NULL, '2850.30', '0.00', '145313.25', '0.00', '-1163.01', '-7990.30', '154466.56', 3, 33, '2019-03-07 02:37:01', 1),
(18, 1, '2019-01-14', 'REDIVA 19210DEVOTO EXPRE', NULL, '0.00', '15.54', '145328.79', '0.00', '-1163.01', '-7990.30', '154482.10', 4, 12, '2019-03-07 02:37:01', 1),
(19, 1, '2019-01-14', 'COMPRA DEVOTO EXPRE  ', NULL, '474.00', '0.00', '144854.79', '0.00', '-1163.01', '-8464.30', '154482.10', 3, 7, '2019-03-07 02:37:04', 1),
(20, 1, '2019-01-15', 'TRASPASO A 6336322ILINK (Dogclub)', NULL, '5700.00', '0.00', '139154.79', '0.00', '-1163.01', '-14164.30', '154482.10', 3, 4, '2019-03-07 02:37:04', 1),
(21, 1, '2019-01-15', 'DEB. VARIOS VISA', NULL, '55332.84', '0.00', '83821.95', '0.00', '-1163.01', '-14164.30', '99149.26', 4, 15, '2019-03-07 02:37:04', 1),
(22, 1, '2019-01-16', 'REDIVA 19210UTE 795716', NULL, '0.00', '36.56', '83858.51', '0.00', '-1163.01', '-14164.30', '99185.82', 4, 12, '2019-03-07 02:37:04', 1),
(23, 1, '2019-01-16', 'PAGO FACTURAUTE 795716', NULL, '2476.00', '0.00', '81382.51', '0.00', '-1163.01', '-16640.30', '99185.82', 3, 20, '2019-03-07 02:37:04', 1),
(24, 1, '2019-01-17', 'TRASPASO A 7954 ILINK (Popurrí)', NULL, '15365.00', '0.00', '66017.51', '0.00', '-1163.01', '-32005.30', '99185.82', 3, 8, '2019-03-07 02:37:04', 1),
(25, 1, '2019-01-17', 'REDIVA 19210KINKO', NULL, '0.00', '22.43', '66039.94', '0.00', '-1163.01', '-32005.30', '99208.25', 4, 12, '2019-03-07 02:37:04', 1),
(26, 1, '2019-01-17', 'COMPRA KINKO  ', NULL, '684.00', '0.00', '65355.94', '0.00', '-1163.01', '-32689.30', '99208.25', 3, 7, '2019-03-07 02:37:07', 1),
(27, 1, '2019-01-18', 'REDIVA 19210MC DONALDS', NULL, '0.00', '63.89', '65419.83', '0.00', '-1163.01', '-32689.30', '99272.14', 4, 12, '2019-03-07 02:37:07', 1),
(28, 1, '2019-01-18', 'COMPRA MC DONALDS  ', NULL, '866.00', '0.00', '64553.83', '0.00', '-1163.01', '-33555.30', '99272.14', 3, 27, '2019-03-07 02:37:13', 1),
(29, 1, '2019-01-21', 'COMPRA SUPERMANANTI  ', NULL, '290.00', '0.00', '64263.83', '0.00', '-1163.01', '-33845.30', '99272.14', 3, 7, '2019-03-07 02:37:17', 1),
(30, 1, '2019-01-21', 'REDIVA 19210SUPERMANANTI', NULL, '0.00', '9.51', '64273.34', '0.00', '-1163.01', '-33845.30', '99281.65', 4, 12, '2019-03-07 02:37:17', 1),
(31, 1, '2019-01-22', 'REDIVA 19210DEVOTO EXPRE', NULL, '0.00', '4.62', '64277.96', '0.00', '-1163.01', '-33845.30', '99286.27', 4, 12, '2019-03-07 02:37:17', 1),
(32, 1, '2019-01-22', 'COMPRA DEVOTO EXPRE  ', NULL, '141.00', '0.00', '64136.96', '0.00', '-1163.01', '-33986.30', '99286.27', 3, 7, '2019-03-07 02:37:20', 1),
(33, 1, '2019-01-22', 'PAGO FACTURABPS', NULL, '17371.00', '0.00', '46765.96', '0.00', '-1163.01', '-33986.30', '81915.27', 4, 10, '2019-03-07 02:37:20', 1),
(34, 1, '2019-01-24', 'COMPRA MUNDO MAC  ', NULL, '850.00', '0.00', '45915.96', '0.00', '-2013.01', '-33986.30', '81915.27', 2, 22, '2019-03-07 02:37:26', 1),
(35, 1, '2019-01-24', 'COMPRA HELADERIA FR  ', NULL, '760.00', '0.00', '45155.96', '0.00', '-2013.01', '-34746.30', '81915.27', 3, 27, '2019-03-07 02:37:30', 1),
(36, 1, '2019-01-24', 'REDIVA 19210HELADERIA FR', NULL, '0.00', '24.92', '45180.88', '0.00', '-2013.01', '-34746.30', '81940.19', 4, 12, '2019-03-07 02:37:30', 1),
(37, 1, '2019-01-25', 'REDIVA 19210PANADERIA NU', NULL, '0.00', '15.70', '45196.58', '0.00', '-2013.01', '-34746.30', '81955.89', 4, 12, '2019-03-07 02:37:30', 1),
(38, 1, '2019-01-25', 'REDIVA 19210FARMACIA COO', NULL, '0.00', '44.16', '45240.74', '0.00', '-2013.01', '-34746.30', '82000.05', 4, 12, '2019-03-07 02:37:30', 1),
(39, 1, '2019-01-25', 'COMPRA PANADERIA NU  ', NULL, '479.00', '0.00', '44761.74', '0.00', '-2013.01', '-35225.30', '82000.05', 3, 27, '2019-03-07 02:37:37', 1),
(40, 1, '2019-01-25', 'COMPRA FARMACIA COO  ', NULL, '1347.00', '0.00', '43414.74', '0.00', '-2013.01', '-36572.30', '82000.05', 3, 14, '2019-03-07 02:37:40', 1),
(41, 1, '2019-01-28', 'REDIVA 19210MVGAS 138601', NULL, '0.00', '24.61', '43439.35', '0.00', '-2013.01', '-36572.30', '82024.66', 4, 12, '2019-03-07 02:37:40', 1),
(42, 1, '2019-01-28', 'PAGO FACTURAMVGAS 138601', NULL, '1540.00', '0.00', '41899.35', '0.00', '-2013.01', '-38112.30', '82024.66', 3, 20, '2019-03-07 02:37:40', 1),
(43, 1, '2019-01-28', 'COMPRA TIENDA INGLE  ', NULL, '1178.00', '0.00', '40721.35', '0.00', '-2013.01', '-39290.30', '82024.66', 3, 7, '2019-03-07 02:37:48', 1),
(44, 1, '2019-01-28', 'REDIVA 19210TIENDA INGLE', NULL, '0.00', '42.13', '40763.48', '0.00', '-2013.01', '-39290.30', '82066.79', 4, 12, '2019-03-07 02:37:48', 1),
(45, 1, '2019-01-29', 'TRASPASO A 5752369ILINK  ', NULL, '9523.00', '0.00', '31240.48', '0.00', '-2013.01', '-48813.30', '82066.79', 3, 11, '2019-03-07 02:38:58', 1),
(46, 1, '2019-01-31', 'TRASPASO DE 8320010ILINK  ', NULL, '0.00', '150000.00', '181240.48', '0.00', '-2013.01', '-48813.30', '232066.79', 4, 25, '2019-03-07 02:39:10', 1),
(47, 1, '2019-01-31', 'TRASPASO A 3851304ILINK (Sandra)', NULL, '16027.00', '0.00', '165213.48', '0.00', '-2013.01', '-64840.30', '232066.79', 3, 11, '2019-03-07 02:39:10', 1),
(48, 1, '2019-01-31', 'TRASPASO A 41109 ILINK (British Schools)', NULL, '33900.00', '0.00', '131313.48', '0.00', '-2013.01', '-98740.30', '232066.79', 3, 8, '2019-03-07 02:39:10', 1),
(49, 1, '2019-01-31', 'RETIRO BRED 3736', NULL, '5000.00', '0.00', '126313.48', '0.00', '-7013.01', '-98740.30', '232066.79', 2, 36, '2019-03-07 02:39:15', 1),
(50, 1, '2019-01-01', 'Transferencia de ''Laburo'' a ''Común''.', NULL, '98740.30', '0.00', '27573.18', '0.00', '-7013.01', '-98740.30', '133326.49', 4, 37, '2019-03-07 02:41:01', 1),
(51, 1, '2019-02-01', 'Transferencia de ''Laburo'' a ''Común''.', NULL, '0.00', '98740.30', '126313.48', '0.00', '-7013.01', '0.00', '133326.49', 3, 37, '2019-03-07 02:40:53', 1),
(52, 1, '2019-02-01', 'REDIVA 19210ANTEL 262900', NULL, '0.00', '23.64', '126337.12', '0.00', '-7013.01', '0.00', '133350.13', 4, 12, '2019-03-07 02:41:49', 1),
(53, 1, '2019-02-01', 'PAGO FACTURAANTEL 262900', NULL, '1632.00', '0.00', '124705.12', '0.00', '-7013.01', '-1632.00', '133350.13', 3, 20, '2019-03-07 02:41:49', 1),
(54, 1, '2019-02-01', 'DEB. VARIOS VISA-ILINK', NULL, '50000.00', '0.00', '74705.12', '0.00', '-7013.01', '-1632.00', '83350.13', 4, 15, '2019-03-07 02:41:49', 1),
(55, 1, '2019-02-04', 'TRASPASO A 7954 ILINK (Popurrí)', NULL, '11560.00', '0.00', '63145.12', '0.00', '-7013.01', '-13192.00', '83350.13', 3, 8, '2019-03-07 02:41:49', 1),
(56, 1, '2019-02-04', 'COMPRA VETERINARIA  ', NULL, '2110.00', '0.00', '61035.12', '0.00', '-7013.01', '-15302.00', '83350.13', 3, 4, '2019-03-07 02:44:14', 1),
(57, 1, '2019-02-04', 'REDIVA 19210VETERINARIA', NULL, '0.00', '69.18', '61104.30', '0.00', '-7013.01', '-15302.00', '83419.31', 4, 12, '2019-03-07 02:44:14', 1),
(58, 1, '2019-02-05', 'DEB. CAMBIOSST....053960 (Psico Ines Lindner)', NULL, '1760.00', '0.00', '59344.30', '0.00', '-7013.01', '-17062.00', '83419.31', 3, 5, '2019-03-07 02:47:13', 1),
(59, 1, '2019-02-06', 'REDIVA 19210MOSCA', NULL, '0.00', '19.92', '59364.22', '0.00', '-7013.01', '-17062.00', '83439.23', 4, 12, '2019-03-07 02:47:13', 1),
(60, 1, '2019-02-06', 'COMPRA MOSCA  ', NULL, '608.00', '0.00', '58756.22', '0.00', '-7013.01', '-17670.00', '83439.23', 3, 5, '2019-03-07 02:47:16', 1),
(61, 1, '2019-02-06', 'REDIVA 19210MC DONALDS', NULL, '0.00', '39.98', '58796.20', '0.00', '-7013.01', '-17670.00', '83479.21', 4, 12, '2019-03-07 02:47:16', 1),
(62, 1, '2019-02-06', 'COMPRA MC DONALDS  ', NULL, '542.00', '0.00', '58254.20', '0.00', '-7013.01', '-18212.00', '83479.21', 3, 27, '2019-03-07 02:47:20', 1),
(63, 1, '2019-02-07', 'TRASPASO DE 8320010ILINK  ', NULL, '0.00', '60000.00', '118254.20', '0.00', '-7013.01', '-18212.00', '143479.21', 4, 25, '2019-03-07 02:47:30', 1),
(64, 1, '2019-02-07', 'TRASPASO A 3429076ILINK (Gastos comunes Casonas)', NULL, '45016.00', '0.00', '73238.20', '0.00', '-7013.01', '-63228.00', '143479.21', 3, 20, '2019-03-07 02:47:30', 1),
(65, 1, '2019-02-11', 'DEB. CAMBIOSST....099720 (Tali)', NULL, '350.00', '0.00', '72888.20', '0.00', '-7013.01', '-63578.00', '143479.21', 3, 8, '2019-03-07 02:47:43', 1),
(66, 1, '2019-02-12', 'DEP 24 HORAS 008859062 (Devoto San Quintín)', NULL, '0.00', '45893.81', '118782.01', '0.00', '-7013.01', '-63578.00', '189373.02', 4, 23, '2019-03-07 02:47:43', 1),
(67, 1, '2019-02-12', 'REDIVA 19210MC DONALDS', NULL, '0.00', '19.11', '118801.12', '0.00', '-7013.01', '-63578.00', '189392.13', 4, 12, '2019-03-07 02:47:43', 1),
(68, 1, '2019-02-12', 'COMPRA MC DONALDS  ', NULL, '259.00', '0.00', '118542.12', '0.00', '-7272.01', '-63578.00', '189392.13', 2, 6, '2019-03-07 02:47:50', 1),
(69, 1, '2019-02-12', 'REDIVA 19210TIENDA INGLE', NULL, '0.00', '142.42', '118684.54', '0.00', '-7272.01', '-63578.00', '189534.55', 4, 12, '2019-03-07 02:47:50', 1),
(70, 1, '2019-02-12', 'COMPRA TIENDA INGLE  ', NULL, '4200.00', '0.00', '114484.54', '0.00', '-7272.01', '-67778.00', '189534.55', 3, 33, '2019-03-07 02:47:57', 1),
(71, 1, '2019-02-13', 'REDIVA 19210UTE 795716', NULL, '0.00', '73.74', '114558.28', '0.00', '-7272.01', '-67778.00', '189608.29', 4, 12, '2019-03-07 02:47:57', 1),
(72, 1, '2019-02-13', 'PAGO FACTURAUTE 795716', NULL, '4838.00', '0.00', '109720.28', '0.00', '-7272.01', '-72616.00', '189608.29', 3, 20, '2019-03-07 02:47:57', 1),
(73, 1, '2019-02-14', 'REDIVA 19210minimercado', NULL, '0.00', '5.87', '109726.15', '0.00', '-7272.01', '-72616.00', '189614.16', 4, 12, '2019-03-07 02:47:57', 1),
(74, 1, '2019-02-14', 'COMPRA minimercado  ', NULL, '179.00', '0.00', '109547.15', '0.00', '-7272.01', '-72795.00', '189614.16', 3, 7, '2019-03-07 02:49:37', 1),
(75, 1, '2019-02-14', 'DEB. VARIOS VISA', NULL, '52515.86', '0.00', '57031.29', '0.00', '-7272.01', '-72795.00', '137098.30', 4, 15, '2019-03-07 02:49:37', 1),
(76, 1, '2019-02-15', 'TRASPASO A 3851304ILINK (Sandra)', NULL, '676.00', '0.00', '56355.29', '0.00', '-7272.01', '-73471.00', '137098.30', 3, 11, '2019-03-07 02:49:37', 1),
(77, 1, '2019-02-15', 'REDIVA 19210minimercado', NULL, '0.00', '35.02', '56390.31', '0.00', '-7272.01', '-73471.00', '137133.32', 4, 12, '2019-03-07 02:49:37', 1),
(78, 1, '2019-02-15', 'COMPRA minimercado  ', NULL, '1068.00', '0.00', '55322.31', '0.00', '-7272.01', '-74539.00', '137133.32', 3, 7, '2019-03-07 02:49:48', 1),
(79, 1, '2019-02-18', 'REDIVA 19210minimercado', NULL, '0.00', '3.54', '55325.85', '0.00', '-7272.01', '-74539.00', '137136.86', 4, 12, '2019-03-07 02:49:48', 1),
(80, 1, '2019-02-18', 'COMPRA ANCAP LA BAR  ', NULL, '2900.00', '0.00', '52425.85', '0.00', '-7272.01', '-77439.00', '137136.86', 3, 33, '2019-03-07 02:50:13', 1),
(81, 1, '2019-02-18', 'COMPRA minimercado  ', NULL, '108.00', '0.00', '52317.85', '0.00', '-7272.01', '-77547.00', '137136.86', 3, 33, '2019-03-07 02:50:23', 1),
(82, 1, '2019-02-20', 'CRED.DIRECTOSWISS MEDICA', NULL, '0.00', '2229.00', '54546.85', '0.00', '-7272.01', '-75318.00', '137136.86', 3, 29, '2019-03-07 02:50:27', 1),
(83, 1, '2019-02-21', 'REDIVA 19210TIENDA INGLE', NULL, '0.00', '53.82', '54600.67', '0.00', '-7272.01', '-75318.00', '137190.68', 4, 12, '2019-03-07 02:50:27', 1),
(84, 1, '2019-02-21', 'REDIVA 19210un altra vol', NULL, '0.00', '36.39', '54637.06', '0.00', '-7272.01', '-75318.00', '137227.07', 4, 12, '2019-03-07 02:50:27', 1),
(85, 1, '2019-02-21', 'COMPRA TIENDA INGLE  ', NULL, '1540.00', '0.00', '53097.06', '0.00', '-7272.01', '-76858.00', '137227.07', 3, 33, '2019-03-07 02:50:46', 1),
(86, 1, '2019-02-21', 'COMPRA un altra vol  ', NULL, '1110.00', '0.00', '51987.06', '0.00', '-7272.01', '-77968.00', '137227.07', 3, 33, '2019-03-07 02:50:50', 1),
(87, 1, '2019-02-21', 'PAGO FACTURABPS', NULL, '9167.00', '0.00', '42820.06', '0.00', '-7272.01', '-77968.00', '128060.07', 4, 10, '2019-03-07 02:50:50', 1),
(88, 1, '2019-02-22', 'TRASPASO A 8062645ILINK  (Comida Picnic)', NULL, '1276.00', '0.00', '41544.06', '0.00', '-7272.01', '-79244.00', '128060.07', 3, 33, '2019-03-07 02:51:44', 1),
(89, 1, '2019-02-25', 'COMPRA ANCAP JOSE I  ', NULL, '531.00', '0.00', '41013.06', '0.00', '-7272.01', '-79775.00', '128060.07', 3, 33, '2019-03-07 02:51:47', 1),
(90, 1, '2019-02-25', 'REDIVA 19210ANCAP JOSE I', NULL, '0.00', '17.41', '41030.47', '0.00', '-7272.01', '-79775.00', '128077.48', 4, 12, '2019-03-07 02:51:47', 1),
(91, 1, '2019-02-25', 'TRASPASO DE 8320010ILINK  ', NULL, '0.00', '150000.00', '191030.47', '0.00', '-7272.01', '-79775.00', '278077.48', 4, 25, '2019-03-07 02:51:55', 1),
(92, 1, '2019-02-25', 'TRASPASO A 3851304ILINK (Sandra)', NULL, '755.00', '0.00', '190275.47', '0.00', '-7272.01', '-80530.00', '278077.48', 3, 11, '2019-03-07 02:51:55', 1),
(93, 1, '2019-02-25', 'TRASPASO A 41109 ILINK (British Schools)', NULL, '33900.00', '0.00', '156375.47', '0.00', '-7272.01', '-114430.00', '278077.48', 3, 8, '2019-03-07 02:51:55', 1),
(94, 1, '2019-02-25', 'COMPRA ANCAP JOSE I  ', NULL, '680.00', '0.00', '155695.47', '0.00', '-7952.01', '-114430.00', '278077.48', 2, 16, '2019-03-07 02:52:04', 1),
(95, 1, '2019-02-25', 'COMPRA ANCAP JOSE I  ', NULL, '197.00', '0.00', '155498.47', '0.00', '-7952.01', '-114627.00', '278077.48', 3, 33, '2019-03-07 02:52:07', 1),
(96, 1, '2019-02-25', 'REDIVA 19210ANCAP JOSE I', NULL, '0.00', '6.46', '155504.93', '0.00', '-7952.01', '-114627.00', '278083.94', 4, 12, '2019-03-07 02:52:07', 1),
(97, 1, '2019-02-25', 'PAGO FACTURAIMMT05085591', NULL, '384.00', '0.00', '155120.93', '0.00', '-7952.01', '-115011.00', '278083.94', 3, 20, '2019-03-07 02:52:07', 1),
(98, 1, '2019-02-26', 'REDIVA 19210MVGAS 138601', NULL, '0.00', '19.33', '155140.26', '0.00', '-7952.01', '-115011.00', '278103.27', 4, 12, '2019-03-07 02:52:07', 1),
(99, 1, '2019-02-26', 'PAGO FACTURAMVGAS 138601', NULL, '1205.00', '0.00', '153935.26', '0.00', '-7952.01', '-116216.00', '278103.27', 3, 20, '2019-03-07 02:52:07', 1),
(100, 1, '2019-02-26', 'REDIVA 19210GOURMEAT BOU', NULL, '0.00', '71.00', '154006.26', '0.00', '-7952.01', '-116216.00', '278174.27', 4, 12, '2019-03-07 02:52:07', 1),
(101, 1, '2019-02-26', 'REDIVA 19210GOURMEAT BOU', NULL, '0.00', '17.88', '154024.14', '0.00', '-7952.01', '-116216.00', '278192.15', 4, 12, '2019-03-07 02:52:07', 1),
(102, 1, '2019-02-26', 'REDIVA 19210CANOA QUEBRA', NULL, '0.00', '19.67', '154043.81', '0.00', '-7952.01', '-116216.00', '278211.82', 4, 12, '2019-03-07 02:52:07', 1),
(103, 1, '2019-02-26', 'COMPRA KINKO  ', NULL, '223.00', '0.00', '153820.81', '0.00', '-8175.01', '-116216.00', '278211.82', 2, 22, '2019-03-07 02:52:15', 1),
(104, 1, '2019-02-26', 'COMPRA GOURMEAT BOU  ', NULL, '1981.57', '0.00', '151839.24', '0.00', '-8175.01', '-118197.57', '278211.82', 3, 33, '2019-03-07 02:52:19', 1),
(105, 1, '2019-02-26', 'COMPRA GOURMEAT BOU  ', NULL, '491.62', '0.00', '151347.62', '0.00', '-8175.01', '-118689.19', '278211.82', 3, 33, '2019-03-07 02:52:21', 1),
(106, 1, '2019-02-26', 'COMPRA CANOA QUEBRA  ', NULL, '600.00', '0.00', '150747.62', '-600.00', '-8175.01', '-118689.19', '278211.82', 1, 40, '2019-03-07 02:52:31', 1),
(107, 1, '2019-02-26', 'REDIVA 19210KINKO', NULL, '0.00', '7.31', '150754.93', '-600.00', '-8175.01', '-118689.19', '278219.13', 4, 12, '2019-03-07 02:52:31', 1),
(108, 1, '2019-02-27', 'REDIVA 19210ANCAP JOSE I', NULL, '0.00', '12.59', '150767.52', '-600.00', '-8175.01', '-118689.19', '278231.72', 4, 12, '2019-03-07 02:52:31', 1),
(109, 1, '2019-02-27', 'COMPRA SUPERMANANTI  ', NULL, '708.00', '0.00', '150059.52', '-600.00', '-8175.01', '-119397.19', '278231.72', 3, 33, '2019-03-07 02:52:37', 1),
(110, 1, '2019-02-27', 'COMPRA ANCAP JOSE I  ', NULL, '384.00', '0.00', '149675.52', '-600.00', '-8175.01', '-119781.19', '278231.72', 3, 33, '2019-03-07 02:52:49', 1),
(111, 1, '2019-02-27', 'REDIVA 19210SUPERMANANTI', NULL, '0.00', '23.20', '149698.72', '-600.00', '-8175.01', '-119781.19', '278254.92', 4, 12, '2019-03-07 02:52:49', 1),
(112, 1, '2019-02-28', 'REDIVA 19210minimercado', NULL, '0.00', '6.23', '149704.95', '-600.00', '-8175.01', '-119781.19', '278261.15', 4, 12, '2019-03-07 02:52:49', 1),
(113, 1, '2019-02-28', 'COMPRA minimercado  ', NULL, '190.00', '0.00', '149514.95', '-600.00', '-8175.01', '-119971.19', '278261.15', 3, 33, '2019-03-07 02:52:52', 1),
(114, 1, '2019-02-28', 'REDIVA 19210SUPERMANANTI', NULL, '0.00', '41.22', '149556.17', '-600.00', '-8175.01', '-119971.19', '278302.37', 4, 12, '2019-03-07 02:52:52', 1),
(115, 1, '2019-02-28', 'COMPRA SUPERMANANTI  ', NULL, '1257.00', '0.00', '148299.17', '-600.00', '-8175.01', '-121228.19', '278302.37', 3, 33, '2019-03-07 02:52:56', 1),
(116, 1, '2019-02-28', 'RETIRO BRED 3736', NULL, '5700.00', '0.00', '142599.17', '-600.00', '-13875.01', '-121228.19', '278302.37', 2, 36, '2019-03-07 02:53:02', 1),
(117, 1, '2019-03-01', 'Transferencia de ''Laburo'' a ''Común''.', NULL, '121228.19', '0.00', '21370.98', '-600.00', '-13875.01', '-121228.19', '157074.18', 4, 37, '2019-03-07 02:54:48', 1),
(118, 1, '2019-03-01', 'Transferencia de ''Laburo'' a ''Común''.', NULL, '0.00', '121228.19', '142599.17', '-600.00', '-13875.01', '0.00', '157074.18', 3, 37, '2019-03-07 02:54:44', 1),
(119, 1, '2019-03-01', 'TRASPASO A 3851304ILINK (Sandra)', NULL, '16041.00', '0.00', '126558.17', '-600.00', '-13875.01', '-16041.00', '157074.18', 3, 11, '2019-03-07 02:56:06', 1),
(120, 1, '2019-03-01', 'COMPRA ANCAP LA BAR  ', NULL, '2260.00', '0.00', '124298.17', '-600.00', '-13875.01', '-18301.00', '157074.18', 3, 33, '2019-03-07 02:56:21', 1),
(121, 1, '2019-03-01', 'COMPRA farmacia bik  ', NULL, '469.00', '0.00', '123829.17', '-600.00', '-13875.01', '-18770.00', '157074.18', 3, 14, '2019-03-07 02:56:25', 1),
(122, 1, '2019-03-06', 'REDIVA 19210ANTEL 262900', NULL, '0.00', '24.22', '123853.39', '-600.00', '-13875.01', '-18770.00', '157098.40', 4, 12, '2019-03-07 02:56:25', 1),
(123, 1, '2019-03-06', 'PAGO FACTURAANTEL 262900', NULL, '1673.00', '0.00', '122180.39', '-600.00', '-13875.01', '-20443.00', '157098.40', 3, 20, '2019-03-07 02:56:25', 1),
(124, 1, '2019-03-06', 'COMPRA FARMACIA COO  ', NULL, '574.00', '0.00', '121606.39', '-600.00', '-13875.01', '-21017.00', '157098.40', 3, 14, '2019-03-07 02:56:28', 1),
(125, 1, '2019-03-06', 'REDIVA 19210FARMACIA COO', NULL, '0.00', '18.82', '121625.21', '-600.00', '-13875.01', '-21017.00', '157117.22', 4, 12, '2019-03-07 02:56:28', 1),
(126, 1, '2019-03-06', 'COMPRA DEVOTO EXPRE  ', NULL, '1716.10', '0.00', '119909.11', '-600.00', '-13875.01', '-22733.10', '157117.22', 3, 7, '2019-03-07 02:56:47', 1),
(127, 1, '2019-03-06', 'REDIVA 19210DEVOTO EXPRE', NULL, '0.00', '56.87', '119965.98', '-600.00', '-13875.01', '-22733.10', '157174.09', 4, 12, '2019-03-07 02:56:47', 1),
(128, 1, '2019-03-06', 'REDIVA 19210ALMACEN DE P', NULL, '0.00', '112.35', '120078.33', '-600.00', '-13875.01', '-22733.10', '157286.44', 4, 12, '2019-03-07 02:56:47', 1),
(129, 1, '2019-03-06', 'COMPRA ALMACEN DE P  ', NULL, '1675.00', '0.00', '118403.33', '-600.00', '-13875.01', '-24408.10', '157286.44', 3, 27, '2019-03-07 02:56:52', 1),
(130, 3, '2019-01-23', 'DEB. VARIOS VISA-ILINK', NULL, '40000.00', '0.00', '2970.51', '0.00', '0.00', '0.00', '2970.51', 4, 15, '2019-03-07 03:03:18', 1),
(131, 3, '2019-01-23', 'TRASPASO DE 3249071MTPAY  ', NULL, '0.00', '371847.26', '374817.77', '0.00', '0.00', '0.00', '374817.77', 4, 28, '2019-03-07 03:03:50', 1),
(132, 3, '2019-01-31', 'TRASPASO A 9561750ILINK  ', NULL, '150000.00', '0.00', '224817.77', '0.00', '0.00', '0.00', '224817.77', 4, 25, '2019-03-07 03:04:12', 1),
(133, 3, '2019-02-07', 'TRASPASO A 9561750ILINK  ', NULL, '60000.00', '0.00', '164817.77', '0.00', '0.00', '0.00', '164817.77', 4, 25, '2019-03-07 03:04:16', 1),
(134, 3, '2019-02-13', 'TRASPASO DE 3249071MTPAY  ', NULL, '0.00', '312775.80', '477593.57', '0.00', '0.00', '0.00', '477593.57', 4, 28, '2019-03-07 03:04:27', 1),
(135, 3, '2019-02-25', 'TRASPASO A 9561750ILINK  ', NULL, '150000.00', '0.00', '327593.57', '0.00', '0.00', '0.00', '327593.57', 4, 25, '2019-03-07 03:04:29', 1),
(136, 6, '2019-01-08', 'GASTOS COMUNES ACSA', NULL, '4451.00', '0.00', '-87909.66', '0.00', '0.00', '0.00', '-87909.66', 4, 24, '2019-03-07 03:09:52', 1),
(137, 6, '2019-01-08', 'GASTOS COMUNES ACSA', NULL, '445.00', '0.00', '-88354.66', '0.00', '0.00', '0.00', '-88354.66', 4, 24, '2019-03-07 03:09:56', 1),
(138, 6, '2019-01-11', 'Reintegro - Tasa General IM 11 - 12/2018', NULL, '0.00', '948.00', '-87406.66', '0.00', '0.00', '0.00', '-87406.66', 4, 24, '2019-03-07 03:10:00', 1),
(139, 6, '2019-01-11', 'Reintegro - Gastos comunes 12/18', NULL, '0.00', '4451.00', '-82955.66', '0.00', '0.00', '0.00', '-82955.66', 4, 24, '2019-03-07 03:10:03', 1),
(140, 6, '2019-01-11', 'Renta Alquiler Mes 12/2018', NULL, '0.00', '23770.39', '-59185.27', '0.00', '0.00', '0.00', '-59185.27', 4, 24, '2019-03-07 03:10:06', 1),
(141, 6, '2019-01-11', 'Comision Alquiler', NULL, '2.38', '0.00', '-59187.65', '0.00', '0.00', '0.00', '-59187.65', 4, 24, '2019-03-07 03:10:09', 1),
(142, 6, '2019-01-11', 'IVA - Comision Alquiler', NULL, '0.52', '0.00', '-59188.17', '0.00', '0.00', '0.00', '-59188.17', 4, 24, '2019-03-07 03:10:12', 1),
(143, 6, '2019-01-11', 'IRPF retenido por ACSA', NULL, '1497.53', '0.00', '-60685.70', '0.00', '0.00', '0.00', '-60685.70', 4, 24, '2019-03-07 03:10:15', 1),
(144, 6, '2019-01-16', 'Retiro por caja PAGO BPS JMCAMPOMAR', NULL, '7022.00', '0.00', '-67707.70', '0.00', '0.00', '0.00', '-67707.70', 4, 10, '2019-03-07 03:10:25', 1),
(145, 6, '2019-01-16', 'Retiro por caja CH 933911 PAGO DGI', NULL, '68884.00', '0.00', '-136591.70', '0.00', '0.00', '0.00', '-136591.70', 4, 17, '2019-03-07 03:10:29', 1),
(146, 6, '2019-01-22', 'Retiro por caja RETIRO EFECTIVO CLUB Y OTROS', NULL, '8600.00', '0.00', '-145191.70', '0.00', '-8600.00', '0.00', '-136591.70', 2, 41, '2019-03-07 03:10:35', 1),
(147, 6, '2019-02-06', 'GASTOS COMUNES ACSA', NULL, '4451.00', '0.00', '-149642.70', '0.00', '-8600.00', '0.00', '-141042.70', 4, 24, '2019-03-07 03:10:43', 1),
(148, 6, '2019-02-06', 'GASTOS COMUNES ACSA', NULL, '445.00', '0.00', '-150087.70', '0.00', '-8600.00', '0.00', '-141487.70', 4, 24, '2019-03-07 03:10:45', 1),
(149, 6, '2019-02-07', 'Tasa General IM 01 - 02/2019', NULL, '956.00', '0.00', '-151043.70', '0.00', '-8600.00', '0.00', '-142443.70', 4, 24, '2019-03-07 03:10:49', 1),
(150, 6, '2019-02-11', 'Retiro por caja CH 155777 PAGO DGI', NULL, '87303.00', '0.00', '-238346.70', '0.00', '-8600.00', '0.00', '-229746.70', 4, 17, '2019-03-07 03:10:53', 1),
(151, 6, '2019-02-11', 'Retiro por caja PAGO BPS', NULL, '8899.00', '0.00', '-247245.70', '0.00', '-8600.00', '0.00', '-238645.70', 4, 10, '2019-03-07 03:10:56', 1),
(152, 6, '2019-02-12', 'Reintegro - Gastos comunes 01/19', NULL, '0.00', '4451.00', '-242794.70', '0.00', '-8600.00', '0.00', '-234194.70', 4, 24, '2019-03-07 03:11:00', 1),
(153, 6, '2019-02-12', 'Renta Alquiler Mes 01/2019', NULL, '0.00', '23770.39', '-219024.31', '0.00', '-8600.00', '0.00', '-210424.31', 4, 24, '2019-03-07 03:11:03', 1),
(154, 6, '2019-02-12', 'Remision', NULL, '2700.00', '0.00', '-221724.31', '0.00', '-8600.00', '0.00', '-213124.31', 4, 24, '2019-03-07 03:11:07', 1),
(155, 6, '2019-02-12', 'Comision Alquiler', NULL, '2.38', '0.00', '-221726.69', '0.00', '-8600.00', '0.00', '-213126.69', 4, 24, '2019-03-07 03:11:10', 1),
(156, 6, '2019-02-12', 'IVA - Comision Alquiler', NULL, '0.52', '0.00', '-221727.21', '0.00', '-8600.00', '0.00', '-213127.21', 4, 24, '2019-03-07 03:11:14', 1),
(157, 6, '2019-02-12', 'IRPF retenido por ACSA', NULL, '1497.53', '0.00', '-223224.74', '0.00', '-8600.00', '0.00', '-214624.74', 4, 24, '2019-03-07 03:11:17', 1),
(158, 6, '2019-02-14', 'Retiro por caja TRANSFERENCIA ENERO URIARTE', NULL, '21772.00', '0.00', '-244996.74', '0.00', '-8600.00', '0.00', '-236396.74', 4, 38, '2019-03-07 03:11:26', 1);

-- --------------------------------------------------------

--
-- Table structure for table `rubro_cuenta`
--

DROP TABLE IF EXISTS `rubro_cuenta`;
CREATE TABLE `rubro_cuenta` (
  `id` int(11) NOT NULL,
  `nombre` varchar(120) NOT NULL,
  `rubro_persona_id` int(11) DEFAULT NULL,
  `status` int(11) NOT NULL DEFAULT '1'
) ENGINE=InnoDB AUTO_INCREMENT=47 DEFAULT CHARSET=latin1;

--
-- Dumping data for table `rubro_cuenta`
--

INSERT INTO `rubro_cuenta` (`id`, `nombre`, `rubro_persona_id`, `status`) VALUES
(1, 'Comidas Pow', 1, 1),
(4, 'Kiwi', 3, 1),
(5, 'Las Chicas', 3, 1),
(6, 'Comidas Matt', 2, 1),
(7, 'Supermercado', 3, 1),
(8, 'Colegios', 3, 1),
(9, 'De la casa', 3, 1),
(10, 'BPS', 4, 1),
(11, 'Sueldos Casa', 3, 1),
(12, 'IVA', 4, 1),
(13, 'Otros', 1, 1),
(14, 'Farmacia', 3, 1),
(15, 'Tarjetas', 4, 1),
(16, 'Nafta', 2, 1),
(17, 'DGI', 4, 1),
(18, 'Otros', 3, 1),
(20, 'Antel/UTE/OSE', 3, 1),
(21, 'Herramientas', 2, 1),
(22, 'Otros', 2, 1),
(23, 'San Quintín', 4, 1),
(24, 'Apto 801', 4, 1),
(25, 'Transferencias', 4, 1),
(26, 'Nafta', 1, 1),
(27, 'Comidas', 3, 1),
(28, 'Pagos ACSA', 4, 1),
(29, 'Blue Cross', 3, 1),
(30, 'Gastos Bancos', 4, 1),
(31, 'Honorarios Ascesores', 4, 1),
(32, 'La Nube', 4, 1),
(33, 'De Viaje', 3, 1),
(34, 'Uber', 1, 1),
(35, 'Gastos Trabajo', 4, 1),
(36, 'Retiro Efectivo', 2, 1),
(37, 'Transferencia Persona', NULL, 0),
(38, 'Otros', 4, 1),
(39, 'Para ellas', 2, 1),
(40, 'Las chicas', 1, 1),
(41, 'UCANN', 2, 1),
(42, 'Ropa', 1, 1),
(43, 'Regalos', 3, 1),
(44, 'La Nube', 1, 1),
(45, 'La Nube', 2, 1),
(46, 'Compras', 2, 1);

-- --------------------------------------------------------

--
-- Table structure for table `rubro_persona`
--

DROP TABLE IF EXISTS `rubro_persona`;
CREATE TABLE `rubro_persona` (
  `id` int(11) NOT NULL,
  `unique_name` varchar(15) NOT NULL,
  `nombre` varchar(120) NOT NULL,
  `color` varchar(10) NOT NULL DEFAULT 'black',
  `color_dark` varchar(10) NOT NULL,
  `color_light` varchar(10) NOT NULL,
  `caracter_unico` varchar(1) NOT NULL,
  `status` int(11) NOT NULL
) ENGINE=InnoDB AUTO_INCREMENT=6 DEFAULT CHARSET=latin1;

--
-- Dumping data for table `rubro_persona`
--

INSERT INTO `rubro_persona` (`id`, `unique_name`, `nombre`, `color`, `color_dark`, `color_light`, `caracter_unico`, `status`) VALUES
(1, 'cta_pow', 'Pow', 'violet', 'violet', '#ffccff', 'P', 1),
(2, 'cta_matt', 'Matt', 'orange', 'orange', '#ffdb99', 'M', 1),
(3, 'cta_comun', 'Común', 'black', 'black', '#999999', 'C', 1),
(4, 'cta_laburo', 'Laburo', 'blue', '#3333cc', '#6699ff', 'L', 1);

--
-- Indexes for dumped tables
--

--
-- Indexes for table `cuentas`
--
ALTER TABLE `cuentas`
  ADD PRIMARY KEY (`id`),
  ADD KEY `moneda` (`moneda`);

--
-- Indexes for table `cuentas_saldos_persona`
--
ALTER TABLE `cuentas_saldos_persona`
  ADD PRIMARY KEY (`id`),
  ADD KEY `cuenta_id` (`cuenta_id`),
  ADD KEY `persona_id` (`persona_id`);

--
-- Indexes for table `moneda`
--
ALTER TABLE `moneda`
  ADD PRIMARY KEY (`moneda`);

--
-- Indexes for table `movimientos_cuentas`
--
ALTER TABLE `movimientos_cuentas`
  ADD PRIMARY KEY (`id`),
  ADD KEY `status` (`status`),
  ADD KEY `cuenta_ud` (`cuentaId`);

--
-- Indexes for table `rubro_cuenta`
--
ALTER TABLE `rubro_cuenta`
  ADD PRIMARY KEY (`id`),
  ADD KEY `rubro_persona_id` (`rubro_persona_id`);

--
-- Indexes for table `rubro_persona`
--
ALTER TABLE `rubro_persona`
  ADD PRIMARY KEY (`id`);

--
-- AUTO_INCREMENT for dumped tables
--

--
-- AUTO_INCREMENT for table `cuentas`
--
ALTER TABLE `cuentas`
  MODIFY `id` int(11) NOT NULL AUTO_INCREMENT,AUTO_INCREMENT=9;
--
-- AUTO_INCREMENT for table `cuentas_saldos_persona`
--
ALTER TABLE `cuentas_saldos_persona`
  MODIFY `id` int(11) NOT NULL AUTO_INCREMENT,AUTO_INCREMENT=13;
--
-- AUTO_INCREMENT for table `movimientos_cuentas`
--
ALTER TABLE `movimientos_cuentas`
  MODIFY `id` int(11) NOT NULL AUTO_INCREMENT,AUTO_INCREMENT=159;
--
-- AUTO_INCREMENT for table `rubro_cuenta`
--
ALTER TABLE `rubro_cuenta`
  MODIFY `id` int(11) NOT NULL AUTO_INCREMENT,AUTO_INCREMENT=47;
--
-- AUTO_INCREMENT for table `rubro_persona`
--
ALTER TABLE `rubro_persona`
  MODIFY `id` int(11) NOT NULL AUTO_INCREMENT,AUTO_INCREMENT=6;
/*!40101 SET CHARACTER_SET_CLIENT=@OLD_CHARACTER_SET_CLIENT */;
/*!40101 SET CHARACTER_SET_RESULTS=@OLD_CHARACTER_SET_RESULTS */;
/*!40101 SET COLLATION_CONNECTION=@OLD_COLLATION_CONNECTION */;
